0,8,80.31,14,5.36,1,1
1,8,111.63,22,17.73,3,0
2,32,37.42,164,6.51,16,1
3,13,81.88,32,7.44,5,0
4,46,35.44,113,5.88,16,0
5,1,250,10,34.3,1,0
6,20,83.24,75,7.56,7,1
7,7,151.4,45,22.49,7,0
8,81,163.23,248,11.22,44,1
9,2,99.75,19,27.26,1,0
10,6,60.5,19,5.79,3,0
11,29,80.02,125,6.68,5,1
12,14,59.89,48,7.08,8,0
13,2,98.75,6,6.67,1,0
14,6,201.67,31,15.55,5,0
15,3,148.45,12,13.75,1,0
16,13,81.77,18,5.56,1,0
17,7,115.29,34,15.66,5,0
18,1,145.35,14,13.57,1,0
19,9,140.33,30,7.2,6,0
20,8,135.25,24,8.83,4,0
21,20,95.08,67,5.84,8,0
22,8,130.74,23,10.96,2,0
23,11,89.82,36,6.67,7,0
24,28,7.32,72,5.9,7,0
25,42,19.57,192,6.29,22,0
26,13,165.39,34,11.56,7,0
27,15,72.79,106,8.06,10,0
28,15,83.26,53,9.01,11,1
29,79,80.99,290,8.99,27,1
30,11,94.09,20,5.05,1,0
31,5,139.07,11,22.45,1,0
32,14,99.36,38,8.55,1,0
33,14,82.91,24,19.92,2,0
34,37,85.36,64,7.56,5,1
35,9,169.97,27,17.7,3,0
36,7,205.4,18,13.06,3,0
37,17,50.08,34,5.15,1,0
38,25,75.59,108,9.48,13,1
39,19,51,22,6.59,5,0
40,35,73.77,160,11.12,20,1
41,2,70.05,14,11.43,2,0
42,7,105.84,38,21.45,5,0
43,8,131.21,25,12,5,0
44,5,112,15,6,2,0
45,31,41.95,123,6.1,13,0
46,7,90.71,29,5.45,3,0
47,1,100,15,13.73,1,0
48,1,59.5,9,11.44,1,0
49,146,113.62,441,11.02,43,1
50,37,104.38,162,15.69,21,1
51,7,148.43,18,7,2,0
52,16,67.18,61,19.31,5,0
53,20,106.53,72,11.31,10,1
54,53,74.1,230,6.96,21,1
55,49,56.8,131,5.69,5,1
56,38,74.61,86,9.98,4,1
57,6,98.17,27,25.3,3,0
58,23,49.87,67,6.46,16,0
59,33,58.94,70,6.71,11,0
60,75,74.08,257,12.49,19,1
61,20,249.92,59,7.78,4,1
62,11,113.52,26,9.35,4,0
63,5,188,16,11.59,2,0
64,5,83.5,19,8.84,17,0
65,39,179.38,109,11.03,22,1
66,10,79.15,42,8.36,2,0
67,22,56.4,50,8.7,5,0
68,35,55.01,119,6.5,7,0
69,27,115.73,74,8.43,8,1
70,3,146.5,23,8.39,3,0
71,3,97.5,7,7.14,1,0
72,9,500.07,34,41.06,3,1
73,8,136.56,28,20.02,4,0
74,15,122.93,41,16.05,7,0
75,9,85.83,11,5.91,1,0
76,8,89.38,26,14.62,3,0
77,1,97.5,6,24,1,0
78,3,153.17,20,32.5,2,0
79,2,99.63,9,51.33,1,0
80,8,241.28,39,31.95,4,1
81,5,220.22,16,25.94,2,0
82,11,98.41,86,18.01,10,0
83,3,100,8,9.75,1,0
84,11,83.27,44,13.59,6,0
85,29,183.52,87,20.82,18,1
86,15,77.4,25,7.2,4,0
87,15,56,36,5.97,7,0
88,5,43,17,7.78,3,0
89,4,81.25,20,6.4,3,0
90,15,67.57,51,5.98,5,0
91,11,81.36,90,11.6,6,0
92,2,129.75,30,10.97,3,0
93,5,97.5,11,5.91,2,0
94,15,142.23,35,6.43,9,1
95,12,50.37,24,5.13,4,0
96,80,59.26,367,6.09,35,1
97,6,148.55,14,6.07,4,0
98,21,73.41,74,6.08,12,0
99,10,180,17,5.47,5,1
100,15,65.5,42,8.93,6,0
101,3,88.38,6,5.83,1,1
102,61,83.11,124,6.68,1,1
103,4,97.5,2,34,2,0
104,3,135,14,6.29,1,0
105,7,127.43,25,7.72,3,1
106,14,58.64,32,5.28,7,1
107,13,80.35,39,24.59,2,0
108,2,97.5,10,21.8,1,0
109,1,100,10,16.3,1,0
110,3,119.83,9,28.83,1,0
111,8,84.06,13,6.15,2,0
112,12,95.42,30,7.13,2,0
113,7,157,21,5.48,2,1
114,1,350,24,46.13,3,0
115,25,73.56,50,14.08,1,0
116,17,102.06,52,13.85,6,1
117,3,74.17,9,6.56,1,0
118,9,156.67,15,15.73,3,1
119,37,28.8,50,15.8,5,1
120,4,175.55,14,5.5,3,1
121,3,349.71,13,16.54,3,0
122,4,63.75,13,26.54,2,0
123,3,53.33,12,5.42,1,0
124,3,183.67,19,12.89,2,0
125,46,131.04,104,11.82,16,1
126,5,520,30,25.53,1,1
127,1,200,8,6.87,1,0
128,47,44.47,133,8.53,8,1
129,3,72.33,12,6.25,2,0
130,10,104.52,36,7.64,6,1
131,3,180,9,11.67,1,0
132,1,145.35,3,5,1,0
133,6,196.14,17,19.41,3,0
134,11,117.82,8,6.63,1,1
135,5,101.44,5,7,1,0
136,50,88.27,198,6.72,33,1
137,12,245.83,27,17.59,3,1
138,10,231.26,23,10,6,0
139,2,97.5,14,5.36,1,0
140,49,87.79,123,9.46,21,1
141,3,98.17,24,11.92,2,0
142,27,118.33,68,9.82,8,0
143,30,56.55,117,6.52,12,0
144,2,170,5,7,1,0
145,4,262.6,19,34.73,1,0
146,14,132.14,29,5.45,1,0
147,7,92.14,37,7.38,5,0
148,3,99.83,7,5.71,1,0
149,1,99.25,17,23.91,1,0
150,5,143.9,22,20.59,1,0
151,8,247.54,20,31,2,0
152,12,156.67,19,39.53,2,0
153,35,50.37,63,5.44,6,1
154,7,82.86,155,11.47,19,0
155,14,58.57,35,5.86,5,0
156,21,90.4,95,9.68,12,1
157,6,99.42,17,19.65,1,0
158,29,63.38,128,6.27,10,1
159,29,44.22,55,5.82,5,0
160,4,142.5,14,7.86,1,0
161,28,50.89,142,5.98,7,1
162,97,75.12,436,6.75,64,1
163,2,99.5,35,15.5,4,0
164,37,32.99,54,5.65,5,1
165,12,96.42,35,8.77,5,0
166,5,109.9,9,21.67,2,0
167,5,74.9,27,19.81,2,0
168,9,333.37,29,10.14,4,0
169,172,14.85,314,5.66,45,1
170,7,42.5,9,5.56,2,0
171,12,111.36,30,20.63,4,0
172,160,39.67,504,6.82,41,1
173,16,82.31,47,19.64,3,0
174,6,366.67,13,58,1,0
175,290,49.64,1248,6.42,153,1
176,2,80,8,7.38,1,0
177,25,115.16,120,21.11,4,1
178,7,109.86,24,14.56,5,0
179,26,90.94,49,7.96,5,0
180,5,99.4,19,10.76,3,0
181,32,55.28,143,6.75,18,0
182,8,97.5,15,24.07,1,0
183,10,227.92,17,19.12,1,1
184,14,353.45,33,33.2,5,0
185,20,132.48,47,7.57,5,1
186,3,98.17,9,10.78,1,0
187,9,78.5,27,6.11,5,0
188,6,107.52,7,9.71,1,0
189,14,56.79,15,19.67,9,1
190,74,48.6,344,7.4,38,1
191,21,139.56,51,12.96,10,1
192,124,21.8,561,6.69,62,1
193,8,112.44,26,7.88,4,1
194,19,122.53,61,6.31,4,0
195,8,86.13,25,12.08,4,0
196,4,90.23,9,6.67,2,0
197,25,119.71,46,6.54,6,1
198,14,95.61,39,8.17,4,0
199,58,142.62,155,8.33,24,1
200,9,71.81,22,8.32,4,0
201,45,21.56,160,8.96,20,1
202,8,184.87,16,17.5,2,0
203,38,78.14,181,12.46,12,1
204,9,85.5,27,6.11,6,0
205,55,7.38,134,5.59,16,1
206,2,97.5,4,6.25,1,0
207,30,53.05,79,6.39,7,1
208,8,85.31,19,16.58,2,0
209,3,466.67,23,17.83,3,0
210,1,298.04,6,5.83,1,0
211,26,47.06,91,5.98,11,0
212,13,90.78,20,12.25,1,0
213,12,61.25,24,15.42,3,0
214,20,85.65,72,6.11,11,0
215,41,61.09,169,6.33,18,1
216,51,133.58,146,9.73,25,1
217,54,74.43,236,8.45,31,1
218,15,47.07,42,7.88,9,0
219,3,84.83,10,6,1,0
220,12,87.29,33,4.45,5,0
221,5,95.4,12,7.92,1,0
222,2,750,7,9.86,1,0
223,4,79.63,12,32.92,2,0
224,4,194.95,12,9.58,1,0
225,28,56.16,41,5.59,1,0
226,13,115.15,26,9.85,2,0
227,11,140.91,15,20.67,1,0
228,82,42.8,337,6.43,36,1
229,4,187.5,14,10.29,2,0
230,4,174.75,6,5.83,2,0
231,14,97.96,32,11.13,1,0
232,7,130.86,25,9.3,3,0
233,4,125,21,5.24,2,0
234,30,98.2,120,7.74,12,1
235,32,75.03,158,8.72,18,1
236,5,97.5,26,9.65,3,0
237,8,98.19,22,5.91,3,0
238,18,65.81,24,6.88,1,0
239,2,122.43,16,23.38,1,0
240,13,89.42,76,12.58,9,0
241,14,123.22,42,10.94,3,1
242,13,70.88,25,5.6,1,0
243,51,38.83,149,6.18,9,1
244,11,119.15,26,39.15,1,1
245,3,350,44,35.18,3,1
246,18,106.46,70,12.9,13,0
247,2,200,6,5.83,1,0
248,14,81.61,52,9.04,10,0
249,11,100.32,27,14.41,1,0
250,4,139.88,22,6.55,4,0
251,4,99.75,6,6.67,1,0
252,2,375.5,7,16.86,1,0
253,5,97.9,11,5.91,2,0
254,20,59.28,107,8.16,12,0
255,10,75.15,30,5.83,2,0
256,12,105,32,6.88,5,0
257,72,65.93,257,5.22,1,1
258,50,374.45,204,22.97,47,1
259,3,733.33,8,44.88,1,0
260,2,100.5,12,14.58,1,0
261,4,89.88,10,5.3,2,0
262,17,113.21,28,23.75,1,0
263,3,104.17,16,5.06,1,0
264,7,292.86,32,21.06,4,0
265,5,270.75,16,22.69,2,0
266,3,145.83,18,13,1,0
267,8,83.38,36,9.03,4,0
268,8,85.31,67,9.39,10,0
269,17,129.74,117,11.56,21,1
270,19,89.04,54,7.41,1,1
271,63,152.44,190,9.23,35,1
272,10,98.65,31,7.9,5,0
273,45,146.77,80,9.5,6,1
274,56,23.68,129,6.54,13,1
275,101,76.96,279,7.15,26,1
276,97,22.38,229,6.14,13,1
277,10,119.95,33,42.05,4,0
278,7,78.14,18,10.83,4,0
279,58,86.1,326,10.15,32,1
280,4,99.75,13,12.31,8,0
281,9,122.41,19,10,4,0
282,28,38.5,67,6.19,11,1
283,9,86.61,29,16.17,5,0
284,23,147.5,48,35.5,11,1
285,18,84.83,67,11.24,9,0
286,4,268.97,14,22.71,3,0
287,16,174.66,54,19.26,7,1
288,6,126,13,8.31,3,0
289,3,180,10,6.5,2,0
290,24,242.53,60,28.88,12,1
291,16,264.31,45,30.98,8,1
292,31,110.25,106,6.42,18,1
293,11,201.37,52,17.68,9,1
294,31,63.37,113,5.83,12,1
295,6,240.89,10,20,1,1
296,7,59,23,4.74,1,0
297,3,99,15,9.53,1,0
298,12,135.07,35,9.57,7,0
299,67,30.99,196,6.36,8,1
300,19,98.32,46,9.24,5,0
301,3,100,9,5.89,1,0
302,4,144.71,15,7,3,0
303,202,17.42,524,6.51,33,1
304,38,51.08,194,8.44,34,1
305,4,98,10,5.3,1,0
306,2,155,5,4.8,1,0
307,135,32.68,503,6.48,93,1
308,52,80.34,176,6.9,17,1
309,3,97.5,8,5.13,1,0
310,3,88,17,11.15,2,0
311,11,133.5,27,7.26,4,0
312,5,135.3,13,20.38,1,0
313,11,178.18,21,10.71,2,0
314,3,188.28,3,56.67,1,0
315,3,215.12,21,16.33,2,0
316,1,100,28,31.25,3,0
317,4,132.58,8,17.5,1,0
318,22,123.94,72,11.68,14,1
319,17,55.09,39,5.74,4,1
320,40,188.57,44,19.73,1,1
321,5,330,6,18.5,1,0
322,4,100.06,18,15.81,1,0
323,11,191.65,18,29.56,2,0
324,4,89.38,10,18.5,1,0
325,5,230,13,18.08,2,1
326,32,64.37,128,5.98,10,1
327,9,85.17,21,5.48,1,0
328,7,93.14,21,5.62,3,0
329,23,60.58,100,5.9,10,1
330,3,166.67,10,6,1,0
331,9,116.31,41,17.44,5,0
332,3,86.67,7,5.71,1,0
333,9,211.11,38,15.89,4,1
334,63,47.39,221,7.24,21,1
335,12,93.15,12,5.42,1,0
336,17,122.19,26,6.15,1,0
337,5,247.89,16,24.06,2,0
338,4,195.03,13,14,1,0
339,2,100,6,14.33,1,0
340,92,47.32,412,6.41,37,1
341,76,66.42,311,8.34,28,1
342,45,56.81,196,7.29,7,1
343,36,46.28,56,5.5,4,0
344,12,105.44,43,12.47,7,0
345,10,80.4,31,27.08,3,0
346,4,99.87,21,12.67,1,0
347,34,164.41,104,11.35,16,1
348,4,197.45,5,8,1,0
349,17,62,29,10,3,1
350,2,98.75,8,5.63,1,0
351,3,97.5,15,18.03,1,0
352,2,97.5,9,18.33,1,0
353,69,26.83,283,5.93,31,1
354,4,237.5,15,25.8,2,1
355,18,136.11,59,10.47,6,0
356,26,83.52,88,7.72,12,0
357,13,44.35,35,5.97,4,0
358,6,92.08,35,7.4,4,0
359,6,140.81,19,12.84,1,0
360,43,121.19,80,25.97,3,1
361,3,78.77,18,36.5,1,0
362,33,80.72,100,7.99,8,1
363,17,92.65,46,9.46,6,0
364,1,229.81,12,19.5,1,0
365,14,139.29,42,17.83,6,0
366,10,112.6,32,23.23,5,1
367,14,93.5,37,6.19,3,0
368,54,33.06,121,6.98,5,1
369,5,99,19,26.05,1,0
370,116,40.68,584,6.7,62,1
371,3,173.33,9,23.78,2,0
372,41,40.26,129,6.65,14,1
373,8,69.06,11,5.45,1,0
374,32,72.86,120,6.41,3,1
375,3,166.67,15,5.67,1,0
376,6,126,20,8.25,5,1
377,31,124.95,58,26.47,2,1
378,5,99.4,16,15.56,3,0
379,16,141.16,40,12.78,6,0
380,5,55.5,19,11.58,2,0
381,16,81.09,68,5.91,4,0
382,1,99.5,6,5.83,1,0
383,16,107.5,53,15.64,3,0
384,49,63.42,111,8.95,1,1
385,5,121.3,12,24.5,1,0
386,37,428.22,84,15.43,14,1
387,57,35.61,248,5.82,31,1
388,4,59.81,13,6.15,2,0
389,11,70.68,37,5.68,4,0
390,22,44.01,92,13.23,6,0
391,7,29.29,52,9.81,13,0
392,23,119.2,60,19.58,14,1
393,73,67.25,300,5.62,32,1
394,10,68.2,62,6.52,8,0
395,8,107.79,50,11.06,1,0
396,13,296.1,33,14.09,5,1
397,9,394.48,31,29.94,3,1
398,5,530,11,14.36,1,1
399,5,562.27,10,26,2,1
400,38,119.67,93,8.92,15,1
401,9,82.78,21,19.52,4,0
402,4,85.62,11,6.18,2,1
403,5,98.7,17,7.65,4,0
404,4,99.63,18,10.28,3,0
405,17,98.06,179,12.95,19,1
406,5,98.5,7,22.14,1,0
407,4,144.74,13,15,2,0
408,28,81.43,77,7.14,1,0
409,2,81.25,7,5.71,1,0
410,12,146.54,47,32.21,3,0
411,11,93.14,18,4.94,2,0
412,5,500,14,44.29,2,1
413,6,167.56,32,30.5,3,0
414,21,94.29,46,9.28,1,1
415,1,180,7,12.86,1,0
416,23,28.67,33,5.45,3,0
417,6,71.42,18,5.28,1,0
418,7,132.53,52,5.31,8,1
419,8,167.62,18,14.44,2,0
420,11,105.89,19,5.79,3,0
421,15,78.83,46,7.5,6,0
422,76,101.09,245,18.88,36,1
423,10,149.6,22,10.55,3,0
424,5,119.5,26,13.15,3,0
425,2,145.35,11,33.64,1,0
426,15,289.97,91,22.37,17,1
427,45,69.02,215,6.47,15,1
428,71,58.7,273,6.11,28,1
429,32,41.88,191,8.65,22,1
430,1,300,9,44,1,0
431,45,48.42,196,8.48,17,1
432,5,45,52,8.82,3,0
433,14,86.93,51,7.25,6,0
434,32,66.11,132,12.42,7,1
435,7,144.21,26,12.79,3,0
436,13,92.69,43,8.02,3,0
437,9,126.67,27,5.93,1,0
438,2,324.02,9,33.89,1,0
439,29,43.81,796,8.27,180,1
440,14,74.56,55,11.75,6,1
441,7,113.64,33,22.76,6,0
442,14,173.54,29,18.88,1,1
443,4,134.25,15,13.13,1,0
444,27,98.92,119,11.08,12,1
445,4,112.5,67,18.78,10,0
446,11,189.4,38,6.03,9,0
447,34,137.2,118,7.61,24,1
448,39,169.2,127,13.98,27,1
449,7,77.5,17,5.59,1,0
450,8,47.19,49,6.51,5,0
451,57,31.87,289,6.92,27,1
452,7,135.71,16,16,2,0
453,11,273,55,30.22,6,1
454,5,440,44,53.18,7,1
455,5,89.9,14,6.07,1,0
456,13,146.31,43,16.23,5,0
457,5,310,12,5.83,2,1
458,58,61.51,199,6.28,27,1
459,8,93.94,17,8.59,2,0
460,195,108.46,873,10.76,107,1
461,11,121.93,23,13.91,3,0
462,5,230,17,16.88,2,0
463,8,138.62,24,17.96,2,0
464,3,98.83,15,20.27,1,0
465,35,154.24,94,6.85,18,1
466,20,145.48,24,13.85,2,0
467,3,100.67,11,14.09,1,1
468,11,116.45,31,14.16,5,0
469,79,271.57,237,25.05,37,1
470,81,275.37,230,12.01,12,1
471,18,302.78,74,18.02,11,1
472,1,145.35,5,13,1,0
473,6,291.67,17,22.65,1,0
474,1,145.35,6,25,1,0
475,60,20.95,162,5.99,16,0
476,97,14.86,235,6.4,25,1
477,2,175.5,8,32.5,1,0
478,75,186.94,134,14.33,28,1
479,4,115,8,4.63,1,0
480,10,73.8,28,9.11,4,0
481,73,20.38,168,6.49,11,1
482,11,97.84,29,15.69,5,0
483,22,167.56,101,23.57,11,1
484,4,99.87,14,6.43,2,0
485,34,128.71,77,23.6,3,1
486,12,291.84,27,21,1,1
487,3,185.05,5,11,1,0
488,12,128.21,57,10.23,5,0
489,8,203.75,30,8.03,6,0
490,84,40.21,246,7.5,32,1
491,38,63,135,5.84,17,1
492,7,113.01,19,17.37,1,1
493,9,87.22,23,20.43,3,0
494,5,97.5,13,18.69,1,0
495,47,74.71,184,6.65,21,0
496,223,33.41,818,6.1,146,1
497,5,490,15,35.6,4,0
498,7,174.14,17,20,1,0
499,4,93.13,12,12.08,2,0
500,13,81.25,25,13.58,5,1
501,4,122.36,19,12.37,1,0
502,5,150.04,11,15.91,1,0
503,10,135,29,12.86,4,0
504,7,152.93,11,24.55,2,0
505,7,107.64,15,6,2,0
506,9,103.61,29,7.21,5,0
507,11,136.43,31,6.74,2,0
508,4,612.5,22,41.41,2,0
509,9,255.69,25,13.52,3,1
510,5,298.29,10,30.5,1,0
511,5,81.5,43,10.56,4,0
512,5,78,20,9,1,0
513,3,350,16,14.44,1,0
514,63,40.05,163,6.69,20,1
515,5,98.9,9,5.56,1,0
516,1,145.35,7,27.57,1,0
517,61,50.32,82,5.76,10,1
518,25,72.58,84,6.64,12,0
519,5,470,11,6.82,2,0
520,12,78.82,48,15.13,7,0
521,7,91.43,25,13.12,4,0
522,9,78.89,15,5.67,1,0
523,4,73.13,9,7.93,1,0
524,10,262.77,19,6.21,3,0
525,7,74.07,17,12.35,2,1
526,25,58.3,51,5.69,5,0
527,61,50.21,234,6.17,18,1
528,5,114.4,12,5.83,2,0
529,3,229.81,15,32,2,0
530,157,31.12,498,6.61,66,1
531,12,97.92,38,5.66,6,0
532,10,74.22,21,5.24,1,1
533,15,17.77,58,6.22,6,0
534,17,43.82,44,5.68,6,0
535,24,95.75,114,12.89,12,1
536,2,26.25,10,5.4,1,0
537,1,40,41,7.88,6,1
538,33,154.79,39,10.46,1,1
539,1,60,8,8.63,1,0
540,4,97.5,20,12.25,1,0
541,13,85.12,50,9.56,5,0
542,4,118.63,13,9.46,1,0
543,9,99.72,48,9.69,6,0
544,4,111,11,5.45,1,0
545,4,111.88,13,5.31,2,0
546,9,79.67,22,8.09,4,0
547,29,88.79,93,6.63,14,1
548,28,162.99,54,38.5,1,1
549,3,329.29,16,23.75,1,1
550,9,102.22,20,5.85,3,0
551,13,157.64,31,6.16,6,0
552,10,94.83,26,11.96,5,0
553,1,97.5,15,10.33,1,0
554,35,51.94,136,6.29,5,0
555,3,185.52,18,24.11,3,0
556,24,49.77,100,8.8,12,0
557,14,59.79,15,7.67,1,0
558,10,572.74,26,32.19,5,1
559,6,136.08,18,10.81,1,0
560,8,97.5,28,6.25,2,0
561,118,30.54,495,6.23,29,1
562,26,51.63,54,10.46,5,1
563,12,229.81,36,24.61,3,0
564,7,139.5,67,12.31,9,0
565,57,66.66,210,20.08,3,1
566,89,87.81,297,11.02,30,1
567,42,274.29,87,10.55,17,1
568,1,350,6,6.83,1,0
569,10,135.1,27,10.41,5,0
570,11,377.3,44,33.27,2,1
571,26,67.49,110,9.68,8,0
572,29,96.66,53,9.49,4,1
573,66,46.42,318,6.19,36,1
574,32,70.16,66,7.24,7,1
575,2,112.68,21,24.9,1,0
576,9,104.39,45,12.38,7,0
577,3,97.5,15,14.13,2,0
578,13,94.04,58,8.97,8,0
579,9,116.28,22,12.93,5,0
580,12,71.53,21,11.1,3,1
581,1,99.25,13,10.46,3,0
582,8,172.5,21,7.81,3,0
583,27,48.41,59,7.02,3,0
584,3,148.82,12,19.17,2,1
585,3,73.33,10,7.9,1,0
586,56,148.37,175,10.69,35,1
587,2,165,8,47.5,1,0
588,27,79.15,117,6.91,15,1
589,5,100.3,19,5.47,2,0
590,23,75.76,146,13.99,15,1
591,4,98.56,14,38.57,1,0
592,2,97.5,33,19.3,4,0
593,12,73.71,34,5.88,5,1
594,2,344.92,6,13.33,1,0
595,4,310,9,10.89,1,0
596,6,71.4,10,5.5,1,0
597,9,93.86,28,9.04,6,1
598,3,450,16,49.69,1,1
599,3,173.33,10,9,1,0
600,1,350,5,5.8,1,0
601,3,333.43,5,6,1,0
602,43,127.59,125,8.66,19,1
603,15,147.25,35,25.14,3,0
604,1,145.35,9,5.89,1,0
605,32,83.49,95,9.72,7,0
606,8,107.5,24,11.83,3,0
607,19,98.29,57,7.54,8,0
608,12,243.76,19,5.79,3,0
609,49,36.82,70,5.84,1,0
610,5,95.8,11,6.55,3,0
611,19,79.36,36,13.47,2,0
612,3,143.33,6,11.67,1,0
613,74,44.18,163,8.67,5,1
614,10,150,28,13.75,4,0
615,4,375,14,18.14,1,0
616,35,59.47,124,16.29,8,1
617,6,46.92,18,5.22,1,0
618,7,130.86,23,5.65,5,0
619,2,225,13,14.08,2,0
620,96,55.76,407,8.29,40,1
621,32,40.11,89,6.16,9,0
622,22,98.7,101,16.67,10,0
623,5,68.06,14,9.36,3,0
624,11,163.64,26,10.88,4,0
625,3,160,8,19.13,1,0
626,86,48.04,315,11.12,31,1
627,23,81.79,93,6.88,12,0
628,22,24.82,60,7.68,11,0
629,5,83.9,22,5.23,1,0
630,5,204.18,16,14.69,1,0
631,30,76.38,107,6.4,16,0
632,5,92.73,26,11.85,2,0
633,17,312.02,50,45.28,6,1
634,2,99.75,9,4.67,1,0
635,50,135.25,145,17.23,32,1
636,7,382.79,14,26.43,2,1
637,50,41.27,97,6.57,1,1
638,6,600,10,23.3,1,1
639,4,80,8,6.13,1,0
640,69,25.92,333,5.96,31,1
641,38,29.81,348,6.28,29,1
642,1,68.4,13,14.62,1,0
643,3,100,35,24.66,2,0
644,6,223.33,50,15.09,3,0
645,29,62.91,146,8.7,21,0
646,13,85.96,38,10.24,1,0
647,11,277.41,29,35.66,3,1
648,20,84.34,32,5.47,1,0
649,6,75,10,30.5,1,0
650,2,180,18,34.94,1,0
651,5,61.8,8,5.63,1,0
652,4,89.38,13,5.77,2,0
653,7,167.16,25,12.6,4,0
654,38,77.53,161,13.63,17,1
655,4,180,36,25.18,1,0
656,23,102.55,55,9.36,7,0
657,28,70.08,131,13.19,20,1
658,71,125.26,259,14.9,33,1
659,6,40.53,13,5.23,2,0
660,15,119.73,5,10,6,0
661,34,18.6,32,5,1,1
662,28,108.41,70,11.43,14,1
663,17,22.85,23,5.17,1,0
664,8,44.38,19,6.11,5,0
665,25,66.14,94,7.55,9,0
666,14,106.61,58,7.03,6,0
667,15,103.47,61,20.05,12,0
668,7,120,20,18,4,0
669,10,83.4,24,6.67,1,0
670,48,106.73,163,11.09,18,1
671,9,54.33,32,6.88,3,0
672,12,118.75,22,11.36,2,1
673,48,188.12,126,12.73,22,1
674,36,101.35,183,14.71,11,1
675,25,65.81,85,6.76,18,0
676,9,43.61,21,4.38,4,0
677,8,131.91,16,11.84,3,0
678,34,114.32,106,7.29,13,1
679,5,97.9,24,5.83,3,0
680,7,93.36,20,12.5,3,0
681,7,628.57,20,62,2,1
682,38,85.25,169,9.33,24,1
683,80,54.46,166,8.05,28,1
684,25,96.91,65,23.37,8,1
685,9,244.54,21,29.24,1,0
686,17,78.14,72,6.43,9,0
687,4,262.53,13,56.15,1,0
688,59,73.84,105,8.38,5,1
689,27,95.19,46,5.26,6,1
690,10,127.85,25,9.66,4,0
691,19,59.32,63,5.79,7,1
692,6,176.67,17,8.06,4,0
693,70,56.11,299,6.29,30,1
694,4,99,8,9.38,1,0
695,2,170,12,22.54,1,0
696,9,166.67,21,10.86,3,0
697,43,24.51,102,5.98,15,0
698,13,96.81,32,11.25,5,0
699,5,72.86,6,5.83,1,0
700,3,604.89,26,19.46,2,0
701,9,114.18,18,8.33,3,0
702,78,48.99,359,9.6,38,1
703,70,99.49,208,14.47,37,1
704,10,61.3,20,23.45,3,0
705,3,216.67,15,16.6,2,0
706,4,387.5,9,34.33,2,0
707,10,103.2,15,7.67,4,0
708,1,99.5,25,22.52,2,0
709,12,160.18,17,10.29,1,0
710,44,15.6,147,5.82,14,1
711,115,77.26,465,6.92,53,1
712,22,80.75,37,5.49,1,0
713,21,56.4,50,5.96,10,1
714,10,65.1,29,5.34,2,1
715,7,190,26,15.77,3,0
716,11,169.8,21,6.43,3,0
717,3,115.67,16,11.53,2,0
718,71,16.72,268,7.29,32,0
719,12,131.98,24,8.33,5,0
720,33,87.92,145,16.19,20,1
721,3,99.5,8,5.63,1,0
722,13,95.5,47,7.36,7,0
723,2,31.25,23,7.09,3,0
724,14,78,49,7.45,6,1
725,8,149.26,20,6.25,5,0
726,17,99.92,64,10.13,8,1
727,1,150,8,20.88,1,0
728,24,94.27,99,8.4,9,0
729,4,99,19,5.79,4,0
730,6,53.6,18,15,2,0
731,3,243.33,12,34.42,1,0
732,17,88.02,40,11.84,3,1
733,17,83.41,40,5.75,5,0
734,6,157.85,22,7.95,4,0
735,4,134.25,6,5.83,2,0
736,76,61.41,367,7.13,40,1
737,15,80.29,39,7.18,8,0
738,10,114.25,28,14.93,3,0
739,12,88.46,30,10.33,4,0
740,11,49.6,25,6.44,5,0
741,12,61.87,28,7.61,5,0
742,360,41.3,1566,10.6,298,1
743,21,46.33,75,6.61,6,1
744,83,71.49,327,6.56,35,1
745,65,28.47,270,6.6,23,1
746,14,127.79,27,6.26,8,1
747,102,25.42,479,6.38,63,1
748,9,272.22,21,6.86,3,0
749,14,65.69,40,5.58,2,0
750,9,143.56,17,13.12,3,0
751,2,129.75,10,17,1,0
752,41,63.43,158,8.47,20,1
753,19,59.13,44,6.23,4,0
754,6,92.08,12,9.08,2,0
755,12,67.87,66,9.58,11,1
756,55,150.58,136,10.36,29,1
757,7,78.57,38,7.34,3,0
758,8,136.88,17,8.24,1,0
759,14,70.89,44,16.14,6,0
760,17,70.34,56,7.05,10,0
761,11,120,22,6.27,4,0
762,14,84.18,88,9.17,5,0
763,4,97.5,32,7.16,5,0
764,33,45.23,160,6.41,20,1
765,13,77.09,66,13.15,8,0
766,149,55.87,642,6.67,70,1
767,16,110.55,44,8.7,8,0
768,9,118.57,27,13.04,4,0
769,3,166.67,15,20,3,0
770,5,107.82,32,10.98,5,0
771,14,113.12,84,14.86,10,1
772,18,102.74,60,7,5,0
773,5,275.85,28,30.18,4,0
774,10,69.28,29,7.93,2,0
775,13,64.96,29,7.07,1,0
776,10,74.2,30,6.67,5,1
777,10,99.15,21,19.05,2,0
778,6,121.42,29,10.59,4,0
779,10,89.53,6,5,1,1
780,19,67.76,53,5.85,6,0
781,32,116.19,107,10.37,17,1
782,32,173.66,97,10.48,19,1
783,33,78.97,102,8.36,7,1
784,4,180,11,33.64,1,0
785,28,44.71,58,5.91,7,0
786,1,200,6,15.67,2,0
787,2,100,14,9.93,3,0
788,14,101.29,43,23.72,2,1
789,3,99.67,13,20.31,1,0
790,5,79.5,14,5.36,1,0
791,37,24.53,124,5.64,8,0
792,9,84.37,32,7.19,1,0
793,27,54.87,64,8.95,5,0
794,47,98.01,66,14.59,5,1
795,27,73.57,89,8.2,9,0
796,3,483.33,14,25.36,2,0
797,7,113.62,29,36.38,2,1
798,15,66.63,51,10.04,8,1
799,5,310,9,11,1,0
800,6,267.5,19,6.74,1,0
801,44,40.6,183,7.07,23,1
802,4,97.5,23,5.87,1,0
803,11,346.36,51,29.22,11,1
804,30,76.23,98,17.66,10,1
805,5,122.9,11,5.45,1,0
806,26,54.52,30,9.1,1,0
807,19,77.74,98,8.16,9,1
808,3,233.33,55,18.65,3,0
809,8,551.62,17,16.47,5,1
810,159,55.75,836,7.3,82,1
811,4,180,11,16.36,2,0
812,13,67.38,54,6.81,5,0
813,4,350,18,41.17,2,1
814,6,82.5,23,6.57,3,0
815,39,463.83,123,22.25,23,1
816,35,53.79,125,5.87,12,1
817,3,109.75,18,11.39,1,0
818,13,78.85,37,6.08,4,0
819,1,250,6,13.33,1,1
820,86,29.23,292,6.71,40,1
821,7,231.87,22,18.64,2,0
822,28,111.93,73,6.03,6,1
823,136,41.77,589,6.62,56,1
824,9,78.83,29,9.66,4,0
825,14,51.5,32,6.06,4,0
826,5,260,14,19.57,3,0
827,6,341.25,25,12,5,0
828,54,51.72,263,6.62,25,1
829,7,164.29,21,15.19,1,0
830,10,92,18,6.39,3,1
831,10,49.7,31,7.26,4,1
832,7,142.36,4,4.75,1,0
833,23,46.83,74,5.84,9,0
834,2,99.38,9,28.83,1,0
835,50,55.5,168,5.77,9,1
836,10,159.61,23,6.96,4,0
837,11,225.76,41,28.32,8,1
838,28,84.97,95,7.04,13,0
839,42,323.77,50,24.42,6,1
840,68,36.71,269,7.81,9,1
841,6,86.25,42,17.83,5,0
842,9,111.11,23,5.13,3,1
843,7,98.43,19,10.21,1,0
844,8,77.81,19,6.32,5,0
845,7,140.41,16,6.88,3,0
846,3,114.62,9,5.56,1,0
847,22,76.33,69,6.75,8,0
848,35,104.85,130,8.53,17,1
849,2,90,7,7.14,1,0
850,16,76.38,136,9.85,12,1
851,10,75.9,31,9.23,4,0
852,16,56.38,105,5.52,7,0
853,83,134.39,270,9.29,41,1
854,25,38.92,96,7.86,6,0
855,5,109.9,12,10.83,2,0
856,58,17.96,106,6.08,16,0
857,18,63.55,36,7.08,4,0
858,15,72.67,24,15.42,2,0
859,33,40.35,119,6.5,12,0
860,12,91.42,37,10.88,6,0
861,28,128.31,44,8.51,2,1
862,60,51.24,193,6.41,12,1
863,138,17.43,279,6.4,26,1
864,10,244.7,32,8.58,4,0
865,9,59.22,36,7.64,6,0
866,127,304.65,338,26.76,87,1
867,3,185.71,10,5.5,1,0
868,18,146.07,58,13.53,11,0
869,4,61.85,13,7.54,1,0
870,59,184.8,147,11.98,28,1
871,3,166.67,16,44.97,1,0
872,19,142.97,92,11.32,13,1
873,2,99.5,6,29.92,1,0
874,66,20.27,201,6.64,11,1
875,25,657.26,63,27.51,8,1
876,6,196.76,20,8,2,0
877,4,176.24,15,35,1,0
878,36,40.83,118,6.53,13,0
879,2,800,7,15.14,1,0
880,10,80.7,34,10.09,2,0
881,49,80.89,149,15.59,20,1
882,45,44.24,145,6.5,15,1
883,4,112.5,6,19.5,1,0
884,2,99.5,25,12.64,2,0
885,29,52.41,63,6.19,5,0
886,24,125.42,76,6.25,7,0
887,5,98.7,10,5.6,1,0
888,2,65,7,5.71,1,0
889,37,47.94,114,12.68,15,1
890,6,76.4,61,12.79,10,0
891,8,130.9,26,16.96,3,0
892,10,87,27,11.67,3,0
893,25,58.11,129,6.38,7,0
894,2,225.1,17,13.44,1,0
895,13,126.92,24,6.92,2,0
896,8,88.05,33,26.83,6,0
897,2,98.5,26,23.29,4,0
898,77,23.75,313,6.12,40,0
899,3,233.4,10,7.5,4,0
900,14,134.14,49,17.54,7,1
901,25,87.39,58,9.11,1,1
902,2,229.81,12,44,1,0
903,4,99.63,17,25.59,3,0
904,4,97.94,11,5.91,2,0
905,6,97.83,12,32.25,1,0
906,47,56.76,41,9,20,1
907,3,126.5,9,7,1,0
908,41,50.02,160,6.19,12,0
909,38,62.71,74,10.08,4,0
910,7,87.14,17,6.18,1,0
911,62,35.31,317,6.78,25,1
912,9,35.18,16,17.38,5,0
913,49,10.8,73,6.01,13,1
914,14,72.45,39,13.97,5,1
915,2,170,9,5.67,1,0
916,13,85.51,38,6.84,8,0
917,22,63.34,65,5.69,7,1
918,23,97.39,79,8.68,12,1
919,1,180,13,11.58,1,0
920,14,92.63,25,11.6,5,0
921,8,256.35,22,5.68,1,0
922,25,64.92,30,6.63,2,1
923,11,15.5,21,10.21,3,0
924,6,93.65,40,30.35,2,0
925,19,88.16,105,14.93,8,1
926,15,76.45,50,12.62,5,0
927,17,91.74,60,7.81,10,1
928,2,90,38,14.32,1,0
929,12,108.46,58,11.09,10,0
930,38,146.8,105,12.5,16,1
931,21,105.55,83,10.3,14,0
932,9,111.22,32,17.02,4,0
933,8,100.81,12,5.42,1,0
934,11,115.18,25,12.4,2,0
935,6,186.67,20,10.85,3,0
936,9,121.17,19,21.21,3,0
937,15,566.67,53,53.55,6,1
938,7,73.86,20,7.15,2,0
939,67,181.19,146,18.49,26,1
940,10,135,51,14.73,6,0
941,9,78.97,26,9.37,4,0
942,15,86.08,23,8.7,2,0
943,3,80,18,21.28,1,0
944,1,229.81,6,6.67,1,0
945,15,120.82,31,19.03,1,0
946,27,101.93,81,11.53,7,1
947,3,229.81,8,14.5,1,0
948,4,110.63,10,16.5,2,0
949,41,69.3,144,6.48,15,1
950,22,84.49,58,7.41,8,0
951,11,82.64,27,6.3,4,0
952,23,119.74,35,17.14,3,1
953,9,170.98,40,13.2,6,0
954,21,155.27,60,9.3,6,1
955,26,202.83,77,18.31,10,1
956,4,475,10,32.1,1,1
957,11,112.14,31,12.26,5,0
958,7,70.36,28,8.57,1,0
959,6,48.33,16,5.63,2,0
960,23,94.85,87,6.03,5,1
961,1,99.5,17,12.59,2,0
962,10,176.13,34,11.88,5,0
963,3,27.33,6,5.5,1,0
964,2,145.35,9,5.56,1,0
965,31,32.4,94,8.33,14,0
966,13,38.81,38,7.11,6,0
967,15,46.4,35,6,3,0
968,7,105.87,19,11.05,3,0
969,26,88,127,12.74,10,1
970,2,325.1,7,47.86,1,0
971,8,262.51,20,36.4,2,0
972,1,97.5,21,8.24,1,0
973,83,64.34,349,6.52,35,1
974,12,78.71,42,11.19,3,0
975,37,134.18,103,11.57,14,1
976,37,41.35,114,6.32,12,1
977,9,100.22,23,7.96,3,0
978,8,34.94,22,6.05,2,0
979,39,105.61,170,7.04,17,1
980,12,83.04,21,16.71,1,1
981,19,179.35,38,12.34,6,1
982,14,153.81,34,8.96,5,0
983,9,92.64,21,6.76,4,0
984,54,105.91,207,10.47,22,1
985,7,101.07,14,25,5,0
986,25,91.2,75,14.6,6,1
987,21,78.6,26,13,1,0
988,28,105.83,54,9.91,8,1
989,29,58.5,39,6.79,1,1
990,5,98.7,9,5.67,2,0
991,4,89.38,11,5.45,1,0
992,4,375.05,16,42.75,1,0
993,87,74.12,367,13.69,61,1
994,54,75.27,267,12.91,23,1
995,5,350,20,10.35,4,0
996,12,110.94,41,10.56,9,0
997,7,96.57,18,6.11,2,0
998,12,284.16,19,31.63,2,1
999,15,89.57,45,7.66,2,0
1000,23,148.04,63,14.75,10,1
1001,7,98.86,17,12.24,3,0
1002,2,139.75,7,5.71,1,0
1003,4,187.5,43,32.56,5,0
1004,2,100,4,6.25,1,0
1005,34,69.34,58,5.34,2,0
1006,81,344.78,201,12.02,39,1
1007,123,113.33,569,9.54,75,1
1008,6,153.25,21,15.14,1,0
1009,2,150,11,9.55,2,0
1010,7,118.86,20,18.55,5,0
1011,19,61.91,62,5.6,5,0
1012,14,138.46,48,4.6,4,0
1013,9,143.85,31,15.15,4,0
1014,14,110.84,26,7.35,5,0
1015,4,80.63,20,4.4,4,0
1016,4,97.5,8,6,2,0
1017,20,65.33,58,6.29,5,0
1018,67,153.92,265,12.17,41,1
1019,6,188.28,25,5.36,2,0
1020,15,119.7,58,16.34,11,1
1021,6,94.33,19,10,3,1
1022,5,127.3,6,10.17,1,0
1023,13,68.62,31,7.52,5,0
1024,17,70.85,59,5.95,1,0
1025,20,90.23,74,5.95,7,0
1026,66,103.5,217,9.62,37,1
1027,5,147.21,18,14.17,2,0
1028,5,69.4,10,4.5,1,0
1029,13,92.88,53,7.55,7,0
1030,112,93.3,530,6.64,62,1
1031,2,98.75,13,9.62,1,0
1032,8,131.81,30,29.4,4,0
1033,8,184.3,19,20,1,0
1034,38,530.03,60,10.5,2,1
1035,6,98.75,26,13.88,2,0
1036,14,134.89,34,9.65,6,0
1037,22,112.61,60,7.07,14,0
1038,6,75.25,11,5.45,1,0
1039,44,14.73,100,6.1,14,1
1040,8,213.76,23,32.17,3,0
1041,6,112.96,21,12.14,3,0
1042,8,171.07,39,19.23,4,0
1043,37,214.02,84,10.87,17,1
1044,3,126.7,11,6.82,1,0
1045,19,65.37,74,14.73,8,1
1046,5,97.5,24,8.33,1,0
1047,137,124.49,286,12.57,36,1
1048,7,106.93,38,7.32,4,0
1049,26,165.59,69,36.57,3,1
1050,6,65,21,5.95,3,0
1051,7,154.21,25,42.2,2,0
1052,5,188.28,19,40.68,2,0
1053,26,73.9,175,10.57,20,1
1054,9,122.04,22,19.95,2,0
1055,3,126.5,8,6.25,1,0
1056,21,227.93,14,20.5,1,1
1057,4,115,16,7.44,2,0
1058,9,105.56,22,10.23,2,1
1059,12,117.92,31,15.31,2,0
1060,32,86.22,120,8.09,8,1
1061,20,121.6,64,6.98,13,1
1062,4,201.24,20,23.75,3,0
1063,55,82.88,200,8.52,20,1
1064,9,87.11,26,6,6,1
1065,2,200,7,29.43,1,0
1066,4,145,15,6.67,2,0
1067,9,82.78,24,32.71,1,0
1068,5,97.5,11,6.82,1,0
1069,11,89.32,53,16.57,7,0
1070,17,78.98,51,5.78,5,1
1071,21,52.9,84,8.61,10,1
1072,5,109.9,16,5.31,1,0
1073,7,185.86,25,15.2,4,0
1074,2,98.5,5,27,2,0
1075,10,74.75,23,5.3,3,0
1076,13,84.19,39,5.64,5,0
1077,5,192,17,11.44,4,0
1078,57,34.95,151,6.34,7,0
1079,23,76.9,92,6.98,11,0
1080,10,84.2,18,7.22,5,0
1081,13,129.58,41,22.78,2,1
1082,8,490.08,25,29.4,4,1
1083,11,188.28,20,14,2,0
1084,15,21.05,75,8.56,7,0
1085,7,97.86,26,10,4,0
1086,5,360,29,23.93,1,0
1087,6,166.67,22,34.09,1,0
1088,7,321.91,25,18.6,2,0
1089,78,316.03,132,23.48,26,1
1090,3,153.17,10,4.8,1,0
1091,9,89.72,11,10,2,0
1092,6,80.83,16,6.75,1,0
1093,16,179.44,46,14.3,10,1
1094,8,100.31,29,9.14,4,0
1095,9,250.92,25,26.36,4,0
1096,7,153.41,154,19.58,12,1
1097,41,119.63,94,16.35,8,1
1098,67,21.21,205,5.96,37,1
1099,13,59.65,30,10.33,3,0
1100,2,275,8,35.13,1,0
1101,35,52.29,40,5.88,5,0
1102,17,133.93,49,23.71,6,1
1103,11,113.14,34,15.44,1,0
1104,9,109.61,31,9.02,1,0
1105,29,36.64,37,9.23,5,1
1106,15,65.3,82,6.85,12,1
1107,32,49.16,95,7.53,8,1
1108,9,89.89,21,6.67,4,0
1109,3,180,11,19.32,1,0
1110,4,362.8,9,11.33,2,0
1111,2,89.68,6,14.67,1,0
1112,12,54.75,24,6.04,2,0
1113,17,83.49,54,8.78,9,1
1114,38,102.81,271,12.55,37,1
1115,75,52.93,247,6.74,33,1
1116,9,393.84,30,29.83,2,1
1117,5,179.86,19,9.47,4,0
1118,16,62.69,35,8.83,3,0
1119,5,226,10,7,2,0
1120,2,450,13,36.85,1,0
1121,7,97.5,42,11.4,1,0
1122,17,48.71,70,15.93,6,0
1123,3,192.22,12,28.17,1,0
1124,79,48.58,360,7.81,18,1
1125,4,98,16,5.63,2,0
1126,11,123.9,37,15.7,1,1
1127,24,59.27,114,6.18,11,0
1128,9,60.44,27,10.37,3,0
1129,10,44.85,25,11.2,3,0
1130,29,66.07,101,7.22,15,1
1131,1,20,10,7.5,2,0
1132,16,63.69,42,10.33,13,0
1133,13,350.08,29,51.21,3,1
1134,10,108.46,26,5.77,5,0
1135,2,97.5,4,6.25,2,1
1136,20,109.08,36,6.25,5,1
1137,9,119.11,21,5.95,4,1
1138,13,68.92,37,9.32,4,0
1139,16,54.16,62,6.31,10,0
1140,6,157.08,26,6.92,3,0
1141,27,53.72,99,6.45,11,0
1142,9,93.61,24,10.42,4,0
1143,5,195.72,21,11.33,1,0
1144,6,185.05,16,17.31,4,0
1145,10,65.2,27,6.67,3,0
1146,5,56.6,16,6.56,3,0
1147,6,146.5,16,8.75,1,0
1148,15,55.89,57,6.54,10,0
1149,11,134.16,40,15.13,5,0
1150,6,98.5,23,22.15,6,0
1151,21,226.49,46,12.83,9,1
1152,11,113.45,16,12,1,0
1153,27,89.09,51,7.27,1,1
1154,4,91.6,17,16.18,4,0
1155,12,229.81,30,22.1,4,1
1156,3,332.36,6,18.17,1,0
1157,9,275.27,32,38.44,5,0
1158,6,97.5,19,17.89,3,0
1159,6,112.25,8,5.63,1,0
1160,20,34.53,63,6.75,19,0
1161,64,75.01,269,6.34,43,1
1162,7,50.29,21,4.57,1,0
1163,35,54.76,141,6.08,11,0
1164,3,283.4,9,21.11,1,0
1165,34,491.84,56,10.36,5,1
1166,3,300.37,21,24,3,0
1167,15,160.15,45,10.82,8,0
1168,8,338.11,21,27.33,4,0
1169,18,101.64,76,7.66,12,0
1170,8,272.45,21,15.48,5,0
1171,1,60,15,16.63,3,0
1172,8,274.69,31,6.13,5,1
1173,1,500,15,64.93,1,0
1174,16,75.25,41,5.8,7,0
1175,9,76.17,30,8.83,2,0
1176,14,79.57,51,22.59,6,0
1177,6,98.08,19,9.95,4,0
1178,9,85,34,12.94,5,0
1179,4,98.81,8,25.13,1,0
1180,8,69.19,18,6.11,5,0
1181,10,221.22,28,19.61,6,1
1182,1,160,12,20.42,2,0
1183,24,54.65,76,7.95,17,1
1184,16,180.84,39,25.36,6,1
1185,34,70.88,121,8.45,26,1
1186,16,99.17,47,9.12,7,0
1187,50,35.67,208,8.62,14,1
1188,37,70.14,77,8.38,10,1
1189,10,67.36,24,9.5,2,0
1190,9,54.78,21,5.71,3,0
1191,2,68.75,8,3.75,1,0
1192,17,272.57,28,11.68,2,1
1193,8,134.5,24,18.75,1,0
1194,9,455.56,29,12.52,2,1
1195,7,68.21,13,14.69,3,0
1196,11,93.7,23,17.17,6,0
1197,21,94.81,26,18.25,2,1
1198,26,33.1,91,8.65,11,0
1199,48,350.11,185,18,43,1
1200,11,111.5,34,11.16,5,0
1201,2,125.5,10,39.9,2,0
1202,11,84.91,22,5.68,3,0
1203,32,66.24,135,7.16,10,1
1204,30,88.48,129,8.33,19,1
1205,2,229.81,10,30.1,1,0
1206,85,66.93,301,6.28,32,1
1207,53,61.15,261,10.08,42,1
1208,21,307.4,73,25.1,6,1
1209,7,227.14,20,36.5,2,0
1210,22,89.27,36,8.4,2,0
1211,31,70,84,6,6,0
1212,8,118.63,22,5.32,5,1
1213,10,130.55,42,8.12,5,0
1214,46,92.14,177,16.28,25,1
1215,11,126.81,16,7.5,2,0
1216,20,200.02,18,11.94,2,1
1217,48,73.34,231,7.32,40,1
1218,115,24.94,526,7.05,59,1
1219,16,51.63,106,7.07,9,1
1220,17,130.71,43,13.4,6,0
1221,18,91.71,19,6.32,2,0
1222,1,65,19,15.21,1,0
1223,8,109.11,27,11.85,4,0
1224,42,69.44,163,6.53,18,1
1225,66,83.67,284,7.31,37,1
1226,4,139.25,8,11.25,1,0
1227,2,154.8,6,5.83,1,0
1228,8,93.94,17,5.88,2,0
1229,20,123.8,48,10.73,9,0
1230,21,97.88,37,5.81,3,0
1231,7,78.76,19,12,3,0
1232,5,150.4,15,14.33,2,0
1233,10,52,64,8.72,8,0
1234,15,22.77,13,6.46,1,0
1235,9,200.04,23,13.52,5,0
1236,3,200,35,34.09,1,0
1237,41,98.16,105,8.61,6,1
1238,6,341.67,17,20.12,2,1
1239,27,97.7,96,10.83,11,1
1240,199,43.81,799,7.46,68,1
1241,35,52.47,81,5.93,13,1
1242,6,194.21,27,19.96,4,0
1243,7,111.71,17,6,5,0
1244,10,82,14,5.21,1,0
1245,90,91.85,332,6.47,44,1
1246,26,113.88,77,15.1,10,1
1247,44,35.66,150,5.86,19,1
1248,6,138.4,16,6.06,2,0
1249,3,84.83,8,10,1,0
1250,11,60.15,40,7.6,6,0
1251,91,41.05,468,8.25,52,1
1252,7,102.73,30,5.5,1,0
1253,17,135.26,51,9.4,9,0
1254,16,63.47,60,8.03,9,0
1255,11,99.95,19,8.53,3,0
1256,26,56.23,74,10.31,7,0
1257,10,93.5,22,10.64,1,1
1258,6,116.5,21,29.38,1,1
1259,3,153.33,8,5.75,1,0
1260,15,176.73,45,19.68,8,0
1261,14,98.36,36,6.56,10,1
1262,51,87.88,183,9.43,21,1
1263,9,91.94,29,5.69,4,0
1264,49,51.32,224,8.26,19,1
1265,11,78.05,63,6.03,4,0
1266,24,83.2,87,14.01,2,1
1267,3,150,7,6.29,1,0
1268,2,102.43,17,8.41,1,0
1269,17,86.82,48,6.96,8,0
1270,9,88.66,26,11.92,5,0
1271,21,308.53,43,31.72,3,1
1272,4,93.63,2,12.5,1,1
1273,2,180,12,27.92,1,0
1274,10,109.15,42,53.5,3,0
1275,1,229.81,7,57.86,2,0
1276,4,89.38,10,6,3,0
1277,65,42.2,315,6.57,38,1
1278,20,98.55,26,9.21,2,0
1279,8,187.45,17,20.41,1,0
1280,12,83.93,18,6.39,3,1
1281,18,221.94,36,16.53,1,1
1282,8,118.38,20,17.48,2,0
1283,2,62.25,14,13.86,1,0
1284,4,133.83,9,5.56,1,0
1285,4,100.25,9,18.11,1,0
1286,7,101.54,31,16.27,6,0
1287,2,498.34,114,30.89,16,1
1288,13,103.92,32,5.91,4,0
1289,60,58.3,244,6.85,28,1
1290,19,69.6,84,10.81,8,0
1291,25,46.68,60,5.87,5,1
1292,3,74.67,42,10,4,0
1293,9,115.78,27,6.63,3,0
1294,5,77.04,18,13.39,2,0
1295,65,62.86,279,6.44,30,1
1296,27,82.71,87,15.36,6,1
1297,8,93.69,16,5.69,2,0
1298,25,62.06,121,6.58,9,1
1299,7,240.73,8,5.63,1,1
1300,19,110,126,19.79,18,1
1301,44,35.36,106,6.11,1,1
1302,4,90.23,17,17.59,1,0
1303,5,119,11,5.27,1,0
1304,26,96.09,55,7.35,8,1
1305,24,56.18,95,6.21,13,0
1306,53,74.42,161,7.58,18,1
1307,7,122.29,19,20.58,3,0
1308,16,86.28,43,6.28,5,0
1309,5,155.9,8,5.63,1,0
1310,22,308.25,81,15.48,9,1
1311,34,128.63,117,13.92,18,1
1312,28,41.09,129,5.84,13,1
1313,3,100.5,8,7.5,2,0
1314,43,66.9,208,9.15,17,1
1315,11,45,38,5.55,5,1
1316,2,130,12,10.17,1,0
1317,56,84.19,209,6.39,21,1
1318,25,70.34,105,6.37,11,1
1319,28,51.91,92,6.34,10,0
1320,6,258.33,19,32.42,1,0
1321,118,32.73,368,5.84,41,1
1322,14,45.93,43,6.05,6,0
1323,4,119.88,11,9.55,1,0
1324,11,98.5,36,6.42,4,0
1325,8,201.59,42,31.5,6,0
1326,2,130.5,16,42.56,1,0
1327,2,275,14,26.86,1,0
1328,31,38.9,122,6.09,22,0
1329,1,200,12,7.92,1,0
1330,11,116.07,13,5.38,1,0
1331,18,53.53,22,6.36,1,0
1332,31,60.76,113,5.73,12,1
1333,3,333.37,11,7.73,2,0
1334,14,84.54,31,5.81,4,0
1335,62,60.22,167,6.72,1,1
1336,28,63.7,47,17.45,1,0
1337,6,201.73,17,20,3,0
1338,31,45.74,130,5.77,13,0
1339,33,112.92,113,7.47,12,1
1340,16,50.38,49,10.4,5,0
1341,13,41.88,28,8.32,1,1
1342,47,48.82,156,6.79,21,1
1343,14,154.55,37,8.65,9,0
1344,7,96.07,40,15.28,5,0
1345,3,80,12,5.25,1,0
1346,28,115.98,56,12.34,8,1
1347,74,26.83,297,6.1,35,1
1348,9,111,21,12.05,4,0
1349,1,250,12,20,1,0
1350,4,79.38,6,5.83,2,0
1351,19,123.72,48,18.58,6,1
1352,101,79.94,329,11.91,36,1
1353,8,132.06,21,8.81,4,0
1354,5,79.21,13,6.15,3,0
1355,50,234.63,140,10.26,30,1
1356,78,13.88,192,6.01,17,1
1357,2,99.75,8,20,1,0
1358,6,92.08,17,5.29,1,0
1359,160,48.78,628,6.03,18,1
1360,4,144.28,7,5.14,2,0
1361,10,182.57,26,28.33,2,0
1362,12,89.38,28,5.36,1,0
1363,19,181.4,60,12.92,14,1
1364,1,97.5,9,5.56,1,0
1365,50,88.84,101,9.08,14,1
1366,24,79.77,62,6.79,13,0
1367,14,107.42,55,21.49,8,0
1368,6,112.25,17,22.74,2,0
1369,38,57.25,129,13.91,8,0
1370,34,24.03,64,5.47,5,1
1371,2,200,10,6,1,0
1372,50,32.09,212,5.97,19,0
1373,62,153.04,122,26.89,13,1
1374,22,56.94,219,7.97,23,1
1375,2,140.5,12,11.33,2,0
1376,8,147.5,22,6.82,4,0
1377,34,49.13,129,8.28,10,1
1378,120,17.84,413,8.78,46,1
1379,9,178.19,19,12.11,2,0
1380,3,156.9,11,26.82,1,0
1381,3,166.67,19,27.24,2,0
1382,8,173.62,21,9.19,5,0
1383,15,184.87,32,8.69,7,0
1384,5,174,13,17,1,0
1385,3,200.4,13,28.69,1,0
1386,27,56.96,101,5.73,8,0
1387,16,72.83,60,5.25,3,0
1388,3,116.67,8,11.25,2,1
1389,7,96.57,25,13.38,2,0
1390,7,83,17,6.18,4,0
1391,14,243.94,57,31.49,9,1
1392,18,92.36,70,6.79,11,0
1393,5,188.02,20,32.45,2,0
1394,6,41.67,18,6.11,4,0
1395,5,99.4,9,38.33,1,0
1396,54,137.92,105,15.4,8,1
1397,12,208.33,26,9,3,0
1398,10,75.65,23,5.87,4,0
1399,27,71.07,42,5.48,1,0
1400,13,75.46,25,7.52,2,0
1401,7,98.93,11,8.45,1,0
1402,2,175,10,10.6,2,0
1403,4,94.38,20,18.2,2,0
1404,7,72.14,22,9.45,3,0
1405,27,63.73,25,11.4,1,1
1406,10,109.35,31,29.19,4,0
1407,19,327.94,54,36.35,7,1
1408,9,145.51,20,20.35,2,0
1409,7,84.07,27,5.52,4,0
1410,68,49.8,307,6.21,31,1
1411,35,39.43,79,5.89,14,0
1412,24,67.22,71,9.69,5,0
1413,39,141.28,169,19.31,21,1
1414,7,72.14,24,5.83,4,0
1415,18,49.86,38,5.61,4,0
1416,3,98.83,16,4.69,1,0
1417,36,101.8,72,12.56,5,1
1418,5,98.7,7,5,1,0
1419,21,121.45,66,14.59,13,0
1420,14,95.29,32,8.66,5,0
1421,4,220,18,28.86,3,0
1422,35,37.59,149,7.17,14,1
1423,6,141.67,17,25.88,2,0
1424,9,111.61,23,11.74,5,1
1425,3,126.5,28,17.91,1,0
1426,47,72.63,160,6.56,13,1
1427,5,150,16,13.56,1,0
1428,12,115.6,22,26.27,1,0
1429,43,42.35,144,7.97,19,1
1430,10,123.45,28,9.11,5,0
1431,9,219.9,26,15.96,2,0
1432,10,76.75,33,7.27,4,0
1433,2,97.5,8,10.25,1,0
1434,14,105.18,41,7.68,12,1
1435,12,295.85,23,15.39,3,1
1436,7,80.36,16,6.81,2,0
1437,2,100,5,6,1,0
1438,10,114.9,41,17.43,2,0
1439,7,81.43,16,5.94,3,0
1440,9,142.9,17,6.35,4,0
1441,10,98.71,22,7.73,1,0
1442,44,107.06,191,10.88,11,1
1443,3,333.33,5,5.8,1,1
1444,18,93.61,75,9.13,14,1
1445,7,132.86,13,10.62,1,0
1446,24,89.67,87,8.45,9,1
1447,4,388.28,8,15.75,1,0
1448,17,205.89,43,18.86,5,1
1449,13,84.23,27,11.02,3,0
1450,6,108.25,31,11.32,4,0
1451,1,100,11,16.36,1,0
1452,13,129.23,43,10.6,7,1
1453,3,125,13,5.77,1,0
1454,9,92.94,27,25.22,3,0
1455,2,200,8,23,2,1
1456,6,111.58,12,27.5,3,0
1457,2,180,11,22.64,1,0
1458,2,140,7,6.43,1,0
1459,8,181.25,21,8.24,2,0
1460,19,56.3,119,13.53,15,0
1461,46,37.37,227,9.12,16,1
1462,98,117.8,308,6.75,49,1
1463,7,93.79,25,8.32,2,0
1464,3,158.14,13,44.62,2,0
1465,10,67.33,29,7.17,2,0
1466,10,245,22,15.45,5,0
1467,20,61.68,81,5.74,6,0
1468,3,634.9,22,55.81,2,0
1469,2,97.5,6,8.33,1,0
1470,26,72.14,107,9.43,14,0
1471,28,80.93,103,13.75,10,0
1472,7,135.64,20,6.65,3,0
1473,38,68.46,159,6.83,18,1
1474,8,109.75,16,13.34,1,0
1475,2,70.05,11,9.55,1,1
1476,36,53.58,117,8.19,18,0
1477,6,175,28,35.71,4,0
1478,26,77.67,42,6.79,3,1
1479,16,55.44,46,10.28,5,0
1480,6,97.5,23,13.61,3,0
1481,5,192,15,44.67,1,0
1482,88,54.23,422,7.59,55,1
1483,7,181.55,19,20.47,4,0
1484,37,156.71,89,13.34,16,1
1485,9,81.57,30,7.43,4,0
1486,3,97.5,8,5.63,1,0
1487,36,44.36,52,7.5,7,1
1488,50,132.89,132,7.08,25,1
1489,11,86.35,138,13.55,12,1
1490,30,146.52,41,26.34,1,1
1491,6,69.58,21,12.33,1,0
1492,25,76.7,100,6.48,11,0
1493,22,58.77,25,5.6,3,0
1494,15,223.83,17,17.29,4,1
1495,4,215,16,8.13,2,0
1496,35,86.8,88,10.33,6,1
1497,5,181.74,9,39.59,6,1
1498,48,18.56,91,6.24,10,1
1499,31,78.32,114,11.45,10,1
1500,19,123.1,43,6.05,10,0
1501,9,149.94,36,12.26,5,0
1502,11,98.55,28,5.71,5,0
1503,14,121.5,33,15,6,0
1504,14,245.76,28,14.96,3,1
1505,3,73,7,5.71,1,0
1506,23,100.33,21,5.71,1,0
1507,3,100,8,5.12,1,0
1508,8,124.69,40,24.53,2,0
1509,5,104.52,10,7.5,2,0
1510,9,87.8,17,42.06,2,0
1511,69,23.36,166,6.49,17,1
1512,3,150,8,16.13,1,0
1513,39,42.49,88,5.86,1,0
1514,9,164.39,21,21.19,4,0
1515,2,172.73,9,20,1,0
1516,6,175,23,13.7,5,0
1517,99,108.92,469,7.85,55,1
1518,4,162.5,9,22.78,1,0
1519,59,51.7,185,5.66,24,0
1520,36,102.61,114,7.06,13,1
1521,6,158.33,27,35.44,3,0
1522,42,20.54,60,6.4,8,1
1523,38,77.97,77,7.73,1,1
1524,18,105.7,58,8.87,6,1
1525,17,58.65,45,5.76,7,0
1526,17,86.02,38,21.32,3,0
1527,42,50.82,143,8.46,7,1
1528,8,141.06,55,17.95,5,0
1529,4,237.6,8,6.25,1,0
1530,10,83.16,34,22.68,1,0
1531,10,119,37,21.22,6,0
1532,10,74.34,38,7.45,4,0
1533,7,104.37,24,12.06,4,0
1534,18,72,40,6.78,2,0
1535,2,139.75,10,19,1,0
1536,1,401,42,38.19,3,0
1537,10,165.19,16,7.25,3,1
1538,14,90.46,40,9.45,7,1
1539,9,124.25,25,13.92,3,0
1540,12,99.29,27,14.85,4,0
1541,18,98.14,50,5.36,5,1
1542,2,165,9,12,1,0
1543,2,99.5,10,5.5,1,0
1544,5,150,17,9.24,2,0
1545,24,77.85,30,6.43,1,0
1546,9,99.25,22,13.18,5,0
1547,2,122.68,13,33.08,1,0
1548,6,176.67,21,10,2,0
1549,112,56.11,175,6.65,9,1
1550,19,86.52,163,18.13,16,1
1551,3,183.17,8,4.75,1,0
1552,6,231.94,18,25.22,1,0
1553,3,300.4,6,11.83,1,0
1554,72,34.57,161,6.58,24,1
1555,1,149,22,26.91,2,0
1556,64,67.09,150,6.85,18,1
1557,21,100.31,28,6.18,4,1
1558,4,320.23,24,26.13,3,0
1559,103,28.7,179,7,16,0
1560,1,180,5,22,1,0
1561,13,75.69,33,6.79,2,0
1562,106,71.12,309,10.13,33,1
1563,24,328.56,58,30.17,13,1
1564,18,243.15,46,28.65,5,1
1565,7,351.26,9,11.11,2,1
1566,3,600,9,4.44,1,0
1567,19,55.92,43,13.92,1,0
1568,18,65.72,22,11.14,3,1
1569,16,127.58,23,27.48,1,0
1570,42,94.48,135,8.68,23,1
1571,15,108.02,79,15.87,7,1
1572,26,102.01,78,8.46,12,1
1573,7,121.86,21,6.43,4,0
1574,5,220,18,13.67,1,1
1575,6,97.5,40,16.05,5,0
1576,10,94.45,24,7.42,6,0
1577,5,98,26,7.81,3,0
1578,25,106.53,66,8.79,6,1
1579,6,97.5,14,8.5,3,0
1580,113,36.38,425,6.4,35,1
1581,15,29.73,45,5.73,5,0
1582,17,65.97,58,16.74,8,0
1583,143,237.39,246,24.27,73,1
1584,8,156.25,19,12.37,3,0
1585,12,137.54,34,13.49,5,0
1586,25,121.62,71,32.53,5,1
1587,10,95.09,31,16.61,5,0
1588,7,107.93,17,8.35,2,0
1589,39,51.83,155,10.22,21,1
1590,5,148,10,9.5,1,0
1591,5,172,9,7.78,2,0
1592,72,155.97,134,16.61,5,1
1593,2,4.75,6,5.83,1,1
1594,3,134.03,22,21.59,1,0
1595,1,99.5,9,18.67,1,0
1596,8,99.62,22,5.64,3,0
1597,7,354.29,29,22.24,2,1
1598,4,137.5,13,20.77,1,0
1599,31,172.56,54,18.22,1,1
1600,9,185.99,27,18.89,5,1
1601,10,125.34,28,8.11,7,0
1602,3,149.67,11,30,2,0
1603,6,98.13,17,9.71,2,0
1604,12,81.46,27,5.56,3,0
1605,9,327.93,43,11.3,5,0
1606,18,472.22,77,39.52,10,1
1607,10,75.35,37,11.49,2,0
1608,146,29.22,493,9.38,40,1
1609,43,85.87,87,7.23,31,1
1610,53,50.39,234,7.26,36,1
1611,10,209.47,33,15.58,7,1
1612,7,86.07,23,10.22,3,0
1613,6,99.17,19,12.89,3,0
1614,18,141.08,31,10.95,4,0
1615,77,115.39,244,12.4,47,1
1616,9,303.33,23,27.74,3,1
1617,11,312.71,19,36.21,2,1
1618,1,250.1,6,32.17,1,0
1619,4,800,21,44.24,4,0
1620,13,87.7,20,40,1,0
1621,8,143.9,17,16.47,4,0
1622,14,192.82,26,24.96,1,1
1623,2,200,9,22.56,2,0
1624,4,183.86,12,6.67,3,0
1625,12,62.18,33,5.27,6,0
1626,8,131.25,22,10.95,2,0
1627,46,103,93,7.31,14,1
1628,3,130.07,15,21.33,2,0
1629,3,127.03,9,38.33,1,0
1630,2,140.5,8,9.38,2,0
1631,71,60.45,277,6.64,32,1
1632,5,71.9,39,9.23,6,0
1633,27,44.16,62,5.89,12,1
1634,2,125,8,8,1,0
1635,26,89.75,67,6.64,8,1
1636,9,30.67,25,6.12,2,0
1637,3,200,18,47.22,1,0
1638,39,54.31,104,6.13,6,1
1639,11,106.82,30,8.17,7,1
1640,41,53.34,42,5.45,2,1
1641,13,99.04,32,12.03,6,0
1642,4,99.87,16,27.81,3,0
1643,2,200,5,7.2,1,0
1644,16,56.69,67,7.4,13,0
1645,7,112.28,15,22.33,2,0
1646,6,122.71,16,5.63,2,0
1647,37,62.99,104,7.16,18,1
1648,11,172.73,40,25.08,3,0
1649,10,308,60,23.53,8,1
1650,30,77.32,120,8.23,15,0
1651,7,154.25,27,22.04,2,0
1652,10,62.76,23,8.52,5,0
1653,27,183.55,58,13.26,12,1
1654,3,99.58,8,21.88,1,0
1655,14,86.43,22,5.45,2,0
1656,3,84.83,5,4.8,1,0
1657,19,66.35,114,7.72,10,1
1658,383,67.49,791,6.67,132,1
1659,4,232.01,8,11.75,2,0
1660,2,200,88,9.72,3,0
1661,3,283.33,16,24.69,1,0
1662,2,190.05,6,11.33,1,0
1663,22,184.73,48,21.23,8,1
1664,8,177.51,22,11.77,4,0
1665,11,150.61,25,6.12,1,0
1666,6,123.17,18,11.08,3,0
1667,6,59.92,28,11.96,3,0
1668,6,53.33,15,5.67,2,1
1669,32,33.69,36,13.47,5,0
1670,21,276.01,56,14.35,8,1
1671,18,107.28,38,14.42,7,1
1672,3,98.33,9,4.44,1,0
1673,41,90.91,105,8.24,15,1
1674,17,111.65,42,8.45,5,1
1675,7,105.21,24,10.67,4,0
1676,6,238.33,24,9.52,3,0
1677,3,182.33,11,6,1,0
1678,7,128,13,6.15,1,0
1679,36,107.39,69,5.94,5,1
1680,22,80.49,51,8.88,4,0
1681,44,49.28,129,5.94,12,1
1682,5,133.93,10,7,1,0
1683,7,73.14,24,9.08,2,0
1684,33,48.32,128,7.53,10,1
1685,5,98.3,11,5.45,1,0
1686,10,63,20,5.25,1,0
1687,7,117.91,24,9.42,4,0
1688,3,97.5,11,6.82,2,0
1689,18,38.81,47,6.28,5,0
1690,3,283.33,15,13.07,2,0
1691,12,103.17,33,5.91,6,0
1692,10,71.75,27,5.93,5,0
1693,3,216.67,10,8.4,1,0
1694,32,70.82,116,8.49,3,0
1695,98,40.35,568,6.71,80,1
1696,2,88.75,20,32.75,2,0
1697,23,170.74,88,16.35,16,1
1698,19,26.74,24,5.63,3,1
1699,7,88.86,10,28.5,1,0
1700,11,147.76,28,20.93,1,0
1701,6,625.18,44,33.66,5,1
1702,5,184.02,49,20.89,10,0
1703,35,103.82,100,7.85,3,1
1704,16,122.75,46,20.33,9,0
1705,22,70.11,72,11.04,5,1
1706,7,47.79,20,8.65,4,0
1707,9,155.16,29,25.55,3,0
1708,8,94.44,34,12.65,2,0
1709,2,101,8,8.75,1,0
1710,6,183.33,18,17.56,1,0
1711,37,130.2,102,7.23,17,1
1712,3,87.5,11,7.27,1,0
1713,16,53.25,52,4.92,4,0
1714,3,99.17,15,21.33,2,0
1715,26,62.12,77,6.71,3,0
1716,8,118.88,24,5.63,3,0
1717,12,522.96,76,38.78,13,1
1718,6,93.4,17,13.24,4,0
1719,15,91.67,56,9.82,7,0
1720,5,160,8,6.87,1,0
1721,21,79.1,46,23.74,3,0
1722,28,69.18,99,5.81,12,1
1723,10,108.83,24,17.52,1,0
1724,12,149.26,29,18.48,2,0
1725,4,304.42,10,9.5,2,0
1726,8,217.17,33,30.03,3,1
1727,6,148.25,27,16.37,2,0
1728,17,258.82,30,10.7,2,1
1729,5,90,18,8.83,1,0
1730,24,67.83,41,5.98,4,1
1731,18,56.31,56,7.4,5,1
1732,24,76.84,111,13.55,15,1
1733,47,84.89,265,9.93,27,1
1734,24,50,40,5,7,0
1735,64,122.03,242,7.12,30,1
1736,23,111.14,46,6.63,9,0
1737,4,276.94,11,60,1,0
1738,10,107.7,46,13.97,1,0
1739,1,350,8,7.25,1,0
1740,3,500,18,72.5,1,0
1741,19,123.89,51,11.08,11,0
1742,22,58.52,63,7.92,8,1
1743,10,62.75,30,6.47,3,0
1744,6,116.67,12,8.5,1,0
1745,7,139.57,34,8.22,1,0
1746,2,97.5,15,11.2,2,0
1747,25,91.09,46,6.09,3,1
1748,8,82.81,23,5.78,3,0
1749,41,97.12,96,7.27,13,1
1750,4,202.5,17,58.88,1,0
1751,12,116.96,31,15.02,4,0
1752,7,137.21,20,6.55,1,0
1753,2,400,7,28.29,1,0
1754,48,89.13,51,6.08,6,1
1755,8,116.57,42,5.93,5,0
1756,34,35.74,78,5.83,5,1
1757,66,106.2,237,6.73,40,1
1758,26,48.94,55,8.45,4,0
1759,6,194.73,18,14.5,3,0
1760,3,98.92,8,7.5,1,0
1761,9,138.84,43,12.74,4,0
1762,5,98,16,6.75,3,0
1763,7,83.7,23,15.87,1,0
1764,23,291.3,71,25.32,4,1
1765,3,300,184,39.16,23,1
1766,18,56.75,31,5.77,5,0
1767,75,25.03,312,6.15,42,1
1768,8,143.76,23,16.74,2,0
1769,6,227.11,24,40,3,0
1770,8,142.31,48,17.83,8,0
1771,6,93.17,12,5.5,3,1
1772,6,138.37,19,16,2,1
1773,8,97.12,23,6.83,2,1
1774,6,87,25,8.12,4,0
1775,42,30.23,103,8.29,5,0
1776,14,153.54,32,17.19,4,0
1777,9,188.67,16,17.06,3,0
1778,11,100.45,34,7.53,7,0
1779,12,117.92,30,23.57,2,0
1780,13,226.05,33,10.24,2,1
1781,19,99.13,42,5.81,6,0
1782,20,112,64,6.83,8,0
1783,24,89.98,184,9.46,32,1
1784,18,46.72,40,11.84,5,0
1785,8,101,18,13.5,2,0
1786,151,12.37,653,6.23,74,1
1787,14,90.54,19,6.32,3,1
1788,6,146.58,10,14.95,1,0
1789,16,120.12,55,7.07,6,0
1790,4,159.88,15,21.27,1,0
1791,110,26.91,418,6.38,70,1
1792,9,94.5,22,9.18,3,0
1793,7,109.64,13,5.38,1,0
1794,4,111.15,56,19.2,8,0
1795,27,222.22,65,7.45,11,1
1796,24,220.2,68,21.46,11,1
1797,44,96.7,118,8.38,15,1
1798,30,84.93,106,6.23,8,0
1799,12,46.46,30,6.17,3,0
1800,2,225,6,7.33,1,0
1801,5,250.08,16,10.31,2,1
1802,3,85.67,11,5.73,2,0
1803,49,164.48,122,7.54,24,1
1804,4,191.21,29,13.03,3,0
1805,9,57.74,22,5.5,3,0
1806,10,104.75,35,13.71,7,0
1807,6,106.67,18,11.39,4,0
1808,22,115.42,64,12.58,14,1
1809,9,171,38,21.62,6,1
1810,7,83.86,18,5.28,1,0
1811,1,97.5,8,5.38,1,0
1812,55,151.78,126,14.03,31,1
1813,13,34.69,25,10.4,2,0
1814,4,200.03,20,16.15,1,0
1815,1,99.25,7,21.57,1,0
1816,125,62.02,513,6.91,34,1
1817,4,93.13,15,7,1,0
1818,31,76.98,93,7.2,10,1
1819,47,255.16,101,26.15,21,1
1820,5,97.9,28,20.55,2,0
1821,120,113.03,435,10.08,59,1
1822,5,165.62,11,5.27,1,0
1823,2,97.5,7,5.71,1,0
1824,16,60.06,36,5.69,1,0
1825,25,84.94,124,13.55,16,1
1826,6,121.67,23,5.87,3,0
1827,106,17.37,406,5.98,37,1
1828,55,117.79,190,11.93,22,1
1829,22,113.14,62,12.19,11,0
1830,12,99.9,41,12.8,2,0
1831,28,82.14,57,15.75,1,1
1832,4,305.75,10,27.3,1,0
1833,7,77.5,15,5,1,0
1834,1,100,5,5.2,1,0
1835,18,50.44,65,19.8,6,0
1836,3,100,17,19.94,2,0
1837,2,80,9,14.44,1,0
1838,4,212.53,25,18.32,5,0
1839,118,57.86,386,7.73,73,1
1840,53,113.05,171,11.88,22,1
1841,11,55.68,156,7.51,17,0
1842,2,575,9,19.44,1,0
1843,17,122.21,40,8.95,3,0
1844,19,62.32,68,6.4,8,0
1845,2,525,11,28.91,1,0
1846,5,127.3,28,20.87,6,0
1847,10,141.6,38,10.76,5,0
1848,3,80.87,14,5.36,1,0
1849,93,31.02,175,6.02,1,1
1850,1,31,5,6,1,0
1851,5,45.2,10,6,1,0
1852,1,200,9,4.67,1,0
1853,19,87.89,51,32.35,3,1
1854,3,65,26,10,5,0
1855,4,89.38,9,5.56,1,0
1856,5,109.5,20,6.55,3,1
1857,9,331.59,43,47.09,3,1
1858,9,108.11,15,17.33,3,0
1859,10,86.2,9,5.89,1,0
1860,12,124.92,30,29.13,5,0
1861,12,67.5,28,5.89,4,0
1862,4,81.25,21,5.71,3,0
1863,10,209,38,10.39,4,1
1864,18,65.83,68,24.04,9,0
1865,50,121.17,182,11.16,24,1
1866,9,100.28,19,6.68,1,0
1867,1,180,6,13.33,1,0
1868,44,27.61,137,6.02,10,0
1869,3,93.67,9,6.33,1,0
1870,22,70.77,67,9.18,9,0
1871,2,82.5,13,62.69,1,0
1872,8,269.36,22,33.64,3,1
1873,6,175.03,33,19.24,7,0
1874,20,73.13,51,17.45,3,0
1875,54,179.79,150,19.45,20,1
1876,42,140.44,128,16,30,1
1877,30,84.3,117,6.73,13,1
1878,65,51.55,235,6.93,28,1
1879,48,102.98,137,7.66,30,1
1880,4,151.36,20,28,1,0
1881,32,53.89,55,7.16,4,1
1882,29,18.23,49,6.43,9,1
1883,6,163.33,13,11.54,1,0
1884,4,97.5,20,7.55,3,0
1885,14,82.39,32,5.53,4,0
1886,71,48.37,282,6.54,17,1
1887,2,188.28,8,31,1,0
1888,57,38.56,128,5.52,10,1
1889,38,114.87,113,10,20,1
1890,65,19.5,185,6.73,39,1
1891,22,68.59,115,5.59,5,0
1892,8,98.63,19,15,2,0
1893,7,93.21,17,12.65,1,1
1894,10,30.95,52,8.73,5,0
1895,10,178.75,15,5.67,3,0
1896,22,63.3,90,6.43,14,1
1897,4,575,20,20.95,4,0
1898,8,86.25,25,4.48,1,0
1899,13,36.66,15,5.33,2,0
1900,27,111.78,69,10.07,12,1
1901,23,97.22,68,7.72,11,1
1902,17,82.29,54,8.56,6,1
1903,20,72.63,17,34.18,1,0
1904,2,500,13,25.08,2,0
1905,3,80.83,10,5.5,1,0
1906,7,97.79,31,12.44,4,0
1907,17,340.51,45,19.98,5,1
1908,63,177.36,148,23.14,39,1
1909,1,700,15,24.8,1,0
1910,11,84.95,22,5.68,3,0
1911,30,96.12,101,5.86,10,0
1912,3,100,10,30.8,1,0
1913,21,53.81,309,10.25,32,1
1914,45,47.09,185,6.47,17,1
1915,126,15.52,451,7.12,57,1
1916,6,99.5,19,16.53,1,0
1917,14,128.32,28,9.82,1,0
1918,7,111.71,30,21.73,2,0
1919,7,54.07,13,9.23,2,1
1920,19,68.22,245,14.54,25,1
1921,21,94.4,75,12.99,9,0
1922,6,120.93,7,11.14,1,1
1923,40,112.41,152,11.8,22,1
1924,18,83.69,56,7.02,5,0
1925,19,202.58,35,17.17,4,1
1926,67,56.99,306,6.05,38,1
1927,10,76.15,18,5.28,1,0
1928,31,69.72,113,9.25,10,1
1929,39,235.8,123,19.28,24,1
1930,1,250,17,22.85,1,0
1931,26,248.32,57,17.07,6,1
1932,4,237.5,12,31.33,2,0
1933,11,29.27,47,8.94,3,0
1934,3,74.17,10,5,1,0
1935,6,99.5,18,36.16,1,0
1936,55,32.09,218,7.87,14,1
1937,22,134.39,51,8.14,11,0
1938,1,200,10,15.55,1,0
1939,6,250.75,21,5.71,3,1
1940,6,125,18,14.78,2,0
1941,27,112.67,86,17.8,14,1
1942,4,212.5,9,12,3,0
1943,13,318.98,64,17.39,6,1
1944,41,159.15,103,23.13,21,1
1945,10,95,12,5.83,1,0
1946,1,200,5,19.8,1,0
1947,23,127.3,66,13.16,8,1
1948,9,97.44,31,13.58,5,0
1949,9,122.22,23,12.87,2,0
1950,2,475,30,30.17,4,0
1951,44,95.68,184,17.06,21,1
1952,4,97.94,83,9.57,3,0
1953,3,102.5,20,21.5,5,0
1954,5,230.04,9,11.11,1,0
1955,11,77.5,25,5.8,5,0
1956,4,185.05,8,5.63,1,0
1957,9,196.69,15,8.8,3,0
1958,23,64.46,83,7.35,11,0
1959,2,98.75,8,6.62,1,0
1960,1,59.5,19,17.21,3,0
1961,8,99.69,10,5.5,1,0
1962,8,98.69,23,4.78,1,0
1963,6,89.83,13,5.23,1,0
1964,4,91.6,16,20.56,2,0
1965,39,87.83,205,7.55,14,1
1966,19,91.39,64,11.22,5,0
1967,49,89.19,191,14.36,28,1
1968,2,18.6,28,8.61,2,0
1969,8,85.13,10,4.9,1,0
1970,5,180,8,5.38,1,0
1971,373,33.56,1697,6.88,285,1
1972,11,98.66,14,13.57,1,1
1973,4,64.13,33,10.7,1,0
1974,17,72.56,67,7.45,7,1
1975,35,33.71,57,6.14,3,0
1976,14,149.87,54,25.56,10,1
1977,51,28.73,122,6.2,7,1
1978,33,95.35,25,15.58,1,1
1979,18,53.87,66,5.68,7,0
1980,26,62.06,104,6.35,15,1
1981,7,110.83,15,7.8,2,0
1982,4,257.78,25,43.2,3,0
1983,23,70.07,28,5.89,3,0
1984,12,154.17,23,10.04,1,1
1985,4,775,18,71.67,1,1
1986,11,92.05,31,17,3,0
1987,27,214.65,57,16.11,6,1
1988,2,180.05,13,25.38,1,0
1989,3,97.5,14,7.36,1,0
1990,3,152.68,12,13.42,1,0
1991,13,81.7,63,8.13,3,0
1992,66,60.43,143,5.93,10,1
1993,1,200,20,20.75,1,0
1994,13,132.28,273,10.82,40,1
1995,2,189.91,8,10.38,1,0
1996,9,88.02,42,18.83,6,0
1997,34,103.6,108,11.72,15,1
1998,3,200,21,16.48,4,0
1999,16,104.59,29,15.62,3,1
2000,80,38.26,194,6.19,11,1
2001,3,98.75,12,6.5,2,0
2002,16,123.78,47,14.89,11,0
2003,5,109.7,14,10.07,3,0
2004,7,178.57,22,9.68,5,0
2005,11,55.45,29,5.69,4,0
2006,8,97.5,26,11.27,5,0
2007,69,176.63,103,8.5,19,1
2008,3,98.83,13,5.77,2,0
2009,10,28.9,33,7.58,6,0
2010,10,157.9,29,5.34,2,0
2011,6,93.08,21,5.24,1,0
2012,23,886.96,63,27.52,15,1
2013,21,110.92,51,12.76,11,0
2014,5,68.2,22,11.05,4,0
2015,7,99.21,14,28.64,1,0
2016,9,100.28,38,26.71,5,0
2017,37,75.2,129,9.78,18,1
2018,10,88.87,23,6.09,3,0
2019,41,80.64,152,8.46,13,1
2020,26,91.78,77,6.62,8,1
2021,34,83.21,92,5.74,14,1
2022,17,164.34,36,9.42,5,1
2023,3,183.4,4,35,1,1
2024,6,160,22,6.82,5,0
2025,6,142.83,31,8.85,4,0
2026,18,97.36,50,9.16,11,0
2027,9,96.74,28,9.29,2,0
2028,46,64.66,235,6.27,15,1
2029,5,90.4,14,7.5,2,0
2030,13,108.19,27,9.06,2,1
2031,16,79.25,44,6.91,6,1
2032,4,89.75,8,6.25,1,0
2033,20,197.48,35,8.97,4,1
2034,2,275.1,21,22.33,1,0
2035,26,173.41,101,25.88,19,1
2036,1,200.1,10,16,1,0
2037,7,167.17,28,9.96,2,0
2038,7,271.43,14,8.36,3,0
2039,6,76.67,18,12.11,1,1
2040,11,85.95,25,5.16,2,1
2041,10,114.95,35,9,4,0
2042,7,115.01,26,15.19,3,0
2043,6,166.67,18,5.5,2,0
2044,6,114.62,16,27.13,2,0
2045,1,32.5,9,5.56,1,0
2046,26,33.43,49,6.43,7,0
2047,45,51.52,154,8.58,20,1
2048,12,94.83,16,6.25,1,0
2049,2,99.5,32,18.06,3,0
2050,12,114.96,36,32.19,3,1
2051,4,94.21,17,8.12,1,0
2052,37,67.8,182,6.75,17,1
2053,4,134.01,32,10.31,5,0
2054,24,31.69,90,6.42,11,1
2055,4,150,13,19.38,4,0
2056,7,113.79,33,27.39,4,0
2057,8,85.63,24,12.08,5,0
2058,19,69.97,99,15.85,10,1
2059,7,97.79,23,8.26,2,0
2060,7,282.69,31,17.9,5,0
2061,10,183,25,11.4,4,0
2062,6,260.05,16,8.69,2,0
2063,5,180,68,16.24,15,0
2064,29,136.39,66,7.92,8,1
2065,1,250,60,50.28,5,1
2066,6,170.99,14,8.21,3,0
2067,11,123.27,16,11.78,1,0
2068,54,23.99,1010,6.72,139,1
2069,42,117.24,75,8.8,6,1
2070,9,81.67,36,6.19,1,0
2071,19,67.08,55,5.96,10,0
2072,10,45.4,48,13.08,5,0
2073,4,86.25,19,24.53,3,0
2074,10,139.44,17,9.53,3,0
2075,9,99.56,26,13.46,4,1
2076,11,120.59,74,15.25,8,0
2077,63,89.48,202,8.15,22,1
2078,11,91.14,38,39.72,4,1
2079,3,316.05,10,9.1,2,0
2080,10,124.63,32,24.31,3,0
2081,4,228.83,19,27.84,1,0
2082,2,99.38,18,18.89,2,0
2083,1,100,12,15.17,1,0
2084,8,114.37,20,6,2,0
2085,8,122.86,24,10.25,3,0
2086,39,86.81,154,6.23,18,1
2087,41,76.57,141,7.48,12,1
2088,20,33.61,45,6.96,5,0
2089,63,39.61,171,6.26,13,1
2090,11,62.73,25,8.52,1,0
2091,3,88.33,9,4.78,1,0
2092,12,288.33,72,58.12,17,1
2093,14,81.61,39,9.72,4,0
2094,1,229.81,15,42.73,2,0
2095,2,138.75,29,9.52,3,0
2096,67,54.95,316,6.28,37,1
2097,31,100.45,51,5.76,2,1
2098,2,139.75,12,12.92,1,0
2099,11,124.7,44,22.23,4,0
2100,10,94.97,34,13.24,6,0
2101,15,83.37,47,14.53,6,0
2102,9,83.61,23,5.22,4,0
2103,7,98.25,11,16.36,1,0
2104,3,164.35,7,5.71,1,0
2105,41,47.69,168,6.61,17,1
2106,10,104,18,11.39,4,0
2107,78,65.52,257,8.09,18,1
2108,12,159.41,46,16.07,6,1
2109,4,170,16,11.88,2,0
2110,28,41.84,86,6.56,14,0
2111,7,87.71,29,7.34,2,1
2112,7,60,26,6.73,4,0
2113,7,207.07,13,13.38,2,0
2114,19,31.42,35,6.57,2,0
2115,13,52.96,40,6.25,7,1
2116,17,121.18,61,12.21,12,0
2117,24,67.3,109,24.82,10,1
2118,30,42.17,85,6.07,5,1
2119,30,66.05,219,15.06,16,1
2120,8,117.49,48,27.66,8,0
2121,143,94.66,410,11.44,49,1
2122,12,260,37,10.05,4,0
2123,7,98.43,18,5.22,2,0
2124,19,66.53,57,5.96,5,0
2125,12,61.67,12,5.25,1,0
2126,25,53.48,80,7.91,12,0
2127,10,68.5,23,8.78,3,0
2128,54,43.97,175,6.43,27,1
2129,4,162.5,14,11.36,1,0
2130,12,90.72,34,7.29,5,1
2131,47,19.48,130,5.62,9,0
2132,3,145.35,33,33.33,4,0
2133,8,131.13,15,17.47,3,0
2134,8,98.13,20,13.65,1,0
2135,8,83.13,21,12.86,3,0
2136,13,129.76,17,30.59,1,0
2137,21,125.2,52,20.21,5,1
2138,15,50.47,69,8.17,5,0
2139,6,112.25,19,11.84,3,0
2140,3,99.17,18,23.61,1,0
2141,8,242.5,17,16.65,1,0
2142,56,51.69,266,8.65,25,1
2143,39,62.12,135,11.67,20,1
2144,15,146.92,28,21.11,1,1
2145,4,101.34,16,9.06,2,0
2146,33,96.25,97,10.23,11,1
2147,1,99.5,8,4.37,1,0
2148,7,132.5,39,10.05,5,0
2149,37,148.8,195,11.51,31,1
2150,39,116.37,164,11.81,18,1
2151,3,97.5,16,7.13,3,0
2152,2,101,2,11.5,1,0
2153,13,81.38,35,18.03,1,0
2154,10,55.75,23,5.65,2,0
2155,85,86.05,624,12.07,70,1
2156,72,47.67,178,8.47,26,1
2157,3,116.67,9,11.67,1,0
2158,29,81.32,91,14.07,9,1
2159,2,350.1,20,50.3,2,0
2160,5,115.4,14,5.64,1,0
2161,67,34.47,277,6.72,34,1
2162,12,118.83,29,13.38,1,0
2163,3,99.5,38,15.47,4,0
2164,33,57.82,151,5.89,17,0
2165,7,98.86,24,11.02,3,0
2166,9,110.31,30,16.33,4,0
2167,17,32.92,10,6,1,0
2168,11,319.06,63,29.13,7,1
2169,6,92.67,17,5.29,1,0
2170,3,85,24,11.25,2,0
2171,10,114.86,45,29.18,6,0
2172,31,58.77,123,8.72,21,0
2173,8,116.31,62,12.09,10,0
2174,24,37.13,92,6.41,15,1
2175,37,91.48,91,8.99,5,1
2176,310,43.63,1136,6.27,78,1
2177,9,272.34,54,27.59,5,1
2178,34,178.47,77,7.97,13,1
2179,20,75.3,40,5.75,2,0
2180,13,37.04,29,5.86,4,0
2181,11,75.45,32,9.75,4,0
2182,2,475,9,20.33,1,0
2183,29,45.91,47,5.74,6,0
2184,9,107.72,25,14.52,4,0
2185,76,70.4,355,7.05,35,1
2186,5,84.5,16,6.56,2,0
2187,7,350,19,15.21,3,1
2188,22,105.09,35,9.71,6,1
2189,54,32.29,135,7.48,19,1
2190,18,113.17,52,8.06,8,0
2191,2,180,11,5.45,1,0
2192,64,58.06,260,6.85,28,1
2193,20,212.29,64,23.39,12,1
2194,70,62.52,256,8.51,19,1
2195,7,64.93,29,5.34,2,0
2196,16,38,54,6.26,3,0
2197,1,180,3,6.67,1,0
2198,6,207.56,20,18.4,4,0
2199,8,163.73,20,16.9,4,0
2200,19,49.47,64,9.57,1,0
2201,12,179.13,25,6.32,4,0
2202,17,185.35,4,13.75,1,0
2203,9,104.39,30,15.37,5,0
2204,8,85,25,6.4,4,0
2205,4,200,12,33.08,1,0
2206,13,193.85,28,24.25,1,0
2207,67,139.53,240,7.13,31,1
2208,42,42.15,173,5.66,6,1
2209,25,56.76,88,6.63,11,0
2210,7,138.76,29,16.9,6,0
2211,8,67.39,12,7.08,1,0
2212,7,178.57,12,19.25,1,0
2213,105,145.76,408,10.35,45,1
2214,6,292.32,11,6.36,3,1
2215,11,124.41,32,21.7,5,0
2216,16,85.75,44,6.75,5,1
2217,9,85.88,36,9.22,3,0
2218,12,150.03,44,20.66,9,0
2219,22,78.07,74,9.32,12,0
2220,23,61.17,70,12.93,10,1
2221,6,124.58,25,13.2,2,0
2222,9,23.33,27,6.67,4,0
2223,77,202.31,204,14.35,57,1
2224,3,120,18,36.19,1,0
2225,7,115.29,18,6.11,4,0
2226,2,89.75,38,13.66,4,0
2227,11,95.91,26,5.77,5,0
2228,5,40.7,60,12.83,11,0
2229,4,78.13,15,31.53,2,0
2230,10,72.25,13,4.31,1,0
2231,4,112.13,6,8.33,1,0
2232,61,54.53,238,6.52,13,1
2233,38,47.09,136,9.37,4,0
2234,13,81.54,42,5.57,3,1
2235,15,56.51,38,6.45,8,0
2236,8,111.86,14,5.36,1,0
2237,10,92.9,29,12.93,5,1
2238,9,100,22,6.18,5,0
2239,22,83.31,56,6.25,10,0
2240,4,124.88,11,4.73,1,0
2241,6,375.08,33,20.98,4,0
2242,12,97.92,26,10.5,5,0
2243,13,98.23,48,18.58,7,0
2244,9,192.23,61,17.95,10,0
2245,14,104.64,34,10.24,1,0
2246,5,250,28,29.39,2,0
2247,15,160.23,38,8.55,8,0
2248,80,22.31,252,5.97,27,0
2249,4,99,7,5.71,1,0
2250,3,88.17,34,30.04,3,0
2251,7,175.73,25,27.8,3,0
2252,35,87.58,128,12.42,20,1
2253,20,59.24,45,5.33,1,0
2254,7,85,13,11.54,2,0
2255,10,61.49,28,13.86,4,1
2256,5,67.5,13,5.38,2,0
2257,17,68.97,63,8.44,7,0
2258,8,77.19,26,6.54,3,0
2259,6,107.08,21,42.38,3,0
2260,7,99.21,12,5.25,2,0
2261,4,76.25,18,5.56,1,0
2262,23,116.85,71,10.14,9,0
2263,11,81.09,29,5.48,5,0
2264,15,98.23,46,15.35,8,0
2265,9,81.94,22,20.18,1,0
2266,3,130.57,19,26.58,1,0
2267,14,84.11,30,24,1,1
2268,21,93.54,31,9.84,5,0
2269,9,78.67,16,5.63,1,0
2270,7,161.43,24,9.17,1,0
2271,23,92.69,57,26.78,18,1
2272,7,120.23,20,12.75,4,0
2273,39,76.99,113,8.36,10,1
2274,102,36.32,325,6.91,28,1
2275,26,64.82,118,8.21,6,1
2276,10,76.13,29,16.28,2,0
2277,23,88.2,90,7.71,15,0
2278,19,120.53,53,11.19,6,0
2279,7,90.14,22,12.95,3,0
2280,31,106.21,51,15,4,1
2281,13,199.53,60,23.25,6,1
2282,20,109.37,65,16.98,9,1
2283,8,85.38,27,9.19,4,1
2284,12,49.13,34,5.15,2,0
2285,83,69.96,346,7.17,51,1
2286,14,260,38,34.11,5,1
2287,66,54.71,290,6.36,34,1
2288,17,65.84,51,5.76,6,0
2289,11,97.18,22,6.05,3,0
2290,152,18.11,515,5.99,53,1
2291,3,180,6,6.67,1,0
2292,4,123.84,10,6,1,0
2293,1,160,24,10.19,1,0
2294,36,486.4,92,25.5,10,1
2295,69,99.74,187,13.34,3,1
2296,10,220.1,39,8.62,3,0
2297,16,160.09,37,8.95,2,0
2298,85,151.76,223,19.11,26,1
2299,10,65.1,18,6.89,1,0
2300,6,89.52,7,5.71,1,1
2301,7,135.64,27,22.33,3,0
2302,9,86.56,18,15.72,2,1
2303,6,141.58,28,30.57,5,0
2304,34,37.54,58,5.93,3,1
2305,1,99.5,18,25.33,2,0
2306,10,108.9,23,27.35,2,0
2307,7,157.14,17,14.88,2,0
2308,69,34.28,248,5.97,21,1
2309,8,74.06,22,10.91,3,0
2310,14,68.36,25,12.32,1,0
2311,34,76.14,59,9.68,5,1
2312,29,81.88,93,11.84,9,1
2313,6,116.08,17,15.29,2,0
2314,33,87.08,91,6.81,12,0
2315,27,82.16,114,9.68,8,1
2316,2,31.75,3,6.67,1,0
2317,8,112.5,23,6.74,5,0
2318,28,45.78,53,7.02,10,0
2319,15,74.27,42,13.88,4,0
2320,21,79.76,44,7.02,6,0
2321,30,95.48,78,7.55,9,1
2322,4,89.38,17,26,2,0
2323,15,88.5,39,5.72,3,0
2324,1,604.89,12,74.67,1,0
2325,30,149.33,89,16.18,19,1
2326,39,64.51,160,6,22,1
2327,69,36.51,172,6.71,5,1
2328,12,127.04,34,6.09,3,0
2329,3,98.08,23,7.39,3,0
2330,7,92.93,34,12.35,5,0
2331,12,134.96,23,7.83,3,0
2332,9,75.89,23,6.52,4,0
2333,5,131.9,11,9.82,2,0
2334,4,89.38,9,6.67,1,0
2335,25,251.71,86,29.65,9,1
2336,7,195.73,13,5.62,2,0
2337,3,166.67,2,7,1,0
2338,23,40.37,34,7.65,7,1
2339,26,63.04,59,5.85,5,0
2340,12,81.13,35,8.11,5,0
2341,40,22.55,90,5.28,15,0
2342,82,122.94,150,17.33,24,1
2343,8,107.44,22,14.82,2,0
2344,46,46.8,180,7.27,14,1
2345,11,134.6,48,30.46,6,0
2346,4,73.13,17,5.59,1,0
2347,22,72.18,37,5.54,4,0
2348,9,91.94,34,24.29,3,0
2349,3,150,8,13,1,0
2350,15,238.69,46,16.83,10,1
2351,17,38.44,38,10.84,5,0
2352,9,252.72,27,31.81,4,0
2353,6,466.67,23,26.13,3,0
2354,26,125.43,68,7.65,11,1
2355,11,130.15,25,20.12,2,0
2356,5,85,11,6.82,4,0
2357,22,10.77,61,5.16,2,0
2358,17,40.71,104,10.96,10,1
2359,14,149.25,52,17.69,3,0
2360,26,91.35,70,7.14,5,0
2361,8,132.44,23,6.52,3,0
2362,10,89.12,59,6.85,11,0
2363,7,255.66,16,9.13,3,0
2364,6,75.42,8,5.63,1,0
2365,2,180,6,16.33,1,0
2366,55,50.84,173,5.97,24,1
2367,4,157.5,15,16.53,2,0
2368,1,100,6,11.67,1,0
2369,6,123.08,15,12.3,1,0
2370,18,53.47,91,7.86,11,0
2371,7,435.71,16,9.31,1,0
2372,17,102.53,43,11.31,1,0
2373,1,100,20,21.65,1,0
2374,22,86.52,41,6.93,4,0
2375,12,118.83,25,13.1,3,1
2376,28,54.73,102,6.35,6,0
2377,4,61.25,20,5.7,3,0
2378,4,147.5,36,16.39,6,0
2379,7,98.36,32,5.78,5,0
2380,7,97.79,11,5.91,1,0
2381,6,166.67,16,10.13,4,0
2382,15,140,16,18,3,0
2383,4,312.5,18,15.78,4,0
2384,2,150,14,38.79,1,0
2385,19,99.5,55,8.78,5,0
2386,60,89.97,232,7.56,35,1
2387,4,187.5,7,38.57,1,0
2388,11,16.32,29,6.03,2,1
2389,3,318.3,47,21.91,5,0
2390,7,93.21,40,6.23,3,0
2391,16,56.03,20,6.15,1,0
2392,8,94,29,11.84,5,0
2393,57,36.85,175,5.86,18,0
2394,9,163.34,28,14.07,5,0
2395,16,79.66,52,7.37,8,0
2396,4,125,19,23.26,3,0
2397,22,90.39,70,6.01,5,0
2398,31,56.58,94,11.77,11,0
2399,3,150,12,17,1,0
2400,39,42.83,112,6.48,19,1
2401,13,457.69,24,34.17,3,1
2402,4,425,10,9.5,3,0
2403,8,73.28,17,6.71,5,0
2404,10,84.65,19,6.16,3,0
2405,12,57.92,23,5.65,3,0
2406,6,129.14,24,31.83,6,0
2407,7,171.36,17,7.94,3,0
2408,1,450,5,28,1,0
2409,162,77.41,511,6.7,118,1
2410,15,90.25,35,9.11,4,0
2411,1,450,7,13.71,1,1
2412,3,67.5,12,27.92,2,0
2413,1,180,5,29.8,1,0
2414,4,83.13,12,6.25,2,1
2415,22,31.93,87,6.05,12,0
2416,9,48.39,15,7.67,1,0
2417,3,85.67,26,12.1,1,0
2418,18,100.65,42,15.21,3,1
2419,40,221.13,88,16.97,15,1
2420,26,52.38,86,15.33,8,1
2421,3,153.33,20,22.7,3,0
2422,6,213.4,19,12.42,4,0
2423,19,66.34,52,5.87,5,0
2424,6,68.75,10,5.5,1,0
2425,4,123.65,6,11.67,1,0
2426,13,82.07,26,13.08,3,1
2427,23,65.56,78,12.46,12,0
2428,14,181.72,55,38.73,9,1
2429,4,145,18,22.28,1,0
2430,25,53.52,50,13.52,1,1
2431,3,350.1,16,31.69,1,0
2432,9,102.99,19,13.42,2,1
2433,1,65,9,8.33,1,0
2434,14,57.64,23,6.04,4,0
2435,11,152.01,31,6,4,0
2436,1,180,17,30.5,2,0
2437,12,57.13,21,13.86,1,0
2438,36,91.79,134,7.04,11,1
2439,5,62.5,18,5.28,1,0
2440,11,152.64,23,6.96,2,1
2441,4,137.5,11,31.36,2,1
2442,7,98.86,38,12.53,6,0
2443,25,60.78,100,6.45,16,0
2444,1,99.25,13,38.69,1,0
2445,29,98.86,87,9.05,14,1
2446,7,153.84,18,26.39,1,0
2447,24,97.68,94,9.89,12,0
2448,10,82.5,38,10.03,7,0
2449,12,55.5,19,5.79,3,0
2450,4,111.63,16,11.81,1,0
2451,17,96.03,40,6.23,3,1
2452,11,88.86,127,10.16,15,0
2453,63,30.21,158,5.76,11,1
2454,4,112.25,14,12.5,2,0
2455,4,207.5,11,47.27,1,0
2456,9,339.01,29,33.79,4,1
2457,4,100,18,13.83,2,0
2458,14,268.11,47,26.49,6,1
2459,8,108.69,29,15.14,6,0
2460,10,75.2,25,17.8,3,0
2461,1,99.5,10,21.4,1,0
2462,34,173.68,88,17.58,15,1
2463,15,104.97,38,14.61,7,0
2464,3,180,14,21.43,1,0
2465,4,180,14,8.29,1,0
2466,3,84.83,10,5.2,1,0
2467,8,89.38,23,5.65,1,0
2468,25,63.78,33,10.3,1,0
2469,60,43.96,307,6.51,31,1
2470,8,80.31,35,17.29,3,0
2471,25,13.12,153,7.48,18,0
2472,10,75.97,31,10.65,3,0
2473,37,54.81,126,5.83,12,1
2474,10,79.35,43,8.37,1,0
2475,1,97.5,15,11.2,1,0
2476,9,60.46,15,6,3,0
2477,56,62.06,184,5.87,20,1
2478,3,159.83,19,31.74,2,0
2479,88,40.69,286,8.03,31,1
2480,24,85.63,59,8.05,6,0
2481,2,65,11,5.27,1,0
2482,63,104.34,280,7.51,32,1
2483,4,134.88,15,12.3,2,0
2484,17,192,32,13.44,6,1
2485,12,49.25,26,7.31,2,0
2486,4,112.5,15,8.33,1,0
2487,76,32.32,321,6.35,17,1
2488,54,45.07,215,8.67,12,1
2489,2,48.75,8,5.63,1,0
2490,15,175.27,36,5.97,5,0
2491,19,101.45,52,21.83,5,0
2492,2,100,18,26.61,1,0
2493,1,80,10,30,1,0
2494,17,75.69,146,11.77,11,0
2495,10,100.85,27,5.74,3,0
2496,17,53.22,44,7.73,8,0
2497,30,55.19,115,6.03,16,0
2498,7,174.29,26,12.08,4,0
2499,68,71.56,299,6.73,40,1
2500,12,113.93,28,14.45,2,0
2501,3,99,16,14.81,2,0
2502,9,114.61,40,9.44,5,0
2503,2,180,14,40.71,1,0
2504,42,117.79,166,14.12,22,1
2505,13,90.77,36,6.81,5,0
2506,45,52.81,185,8.72,21,1
2507,14,20.46,24,5.83,4,0
2508,18,188.79,26,5.96,5,1
2509,15,72.63,19,5.53,1,0
2510,46,57.01,233,7.44,25,1
2511,51,85.26,338,8,46,1
2512,2,88.75,8,24.25,1,0
2513,12,67.04,25,7,2,0
2514,20,135.55,64,16.23,11,1
2515,16,89.41,63,17.38,6,1
2516,18,123.89,184,6.39,9,1
2517,30,53.42,116,7.14,20,0
2518,34,26.15,80,5.93,15,1
2519,30,70.09,97,6.19,7,1
2520,3,100,24,13.17,3,0
2521,5,97.5,29,6.52,2,0
2522,2,145.35,7,22.14,1,0
2523,57,130.94,224,23.94,31,1
2524,11,116.49,40,11.13,5,0
2525,15,64,25,8.2,2,0
2526,61,208.73,185,19.84,36,1
2527,16,40.75,30,5.1,1,0
2528,65,24.42,155,5.98,4,1
2529,23,80.67,30,15.5,1,0
2530,11,151.47,27,13.07,2,0
2531,4,88.13,13,8.08,1,0
2532,44,47.9,171,6.13,22,1
2533,67,27.13,228,6.32,4,1
2534,4,86.25,8,6.87,1,0
2535,65,46.68,204,6.44,18,1
2536,15,142.77,38,22.11,5,1
2537,73,98.87,239,22.78,45,1
2538,18,34.93,46,8.24,8,0
2539,8,61.13,6,5.83,2,0
2540,1,97.5,19,12.47,1,0
2541,2,140,9,5.56,1,0
2542,11,102.27,121,6.98,6,0
2543,9,142.74,14,39.29,3,1
2544,8,172.5,21,5.52,2,0
2545,16,253.83,56,12.52,8,1
2546,10,157.9,30,8.05,6,0
2547,17,86.52,57,5.96,4,0
2548,32,42.48,107,6.09,11,0
2549,3,98.17,13,5.38,1,0
2550,8,87.09,12,5.83,2,0
2551,29,49.97,94,6.12,6,1
2552,9,51,25,5.8,4,0
2553,49,48.43,178,8.23,27,1
2554,53,261.32,103,25.17,17,1
2555,30,65.22,138,5.93,13,0
2556,7,85.73,28,7.75,3,0
2557,1,350,7,24.86,1,0
2558,10,99.33,23,13.43,2,0
2559,1,298.04,8,23.75,1,0
2560,5,101,13,5.38,1,0
2561,35,73.26,184,5.87,21,0
2562,2,401,4,6.25,1,0
2563,93,138.06,301,16.1,31,1
2564,8,107.44,57,17.07,11,0
2565,24,37.27,76,5.79,9,0
2566,7,155.64,46,20.15,6,0
2567,11,94.09,21,5.24,1,0
2568,3,54.17,6,5.83,1,0
2569,20,128.4,52,11.71,9,0
2570,65,41.13,308,9.46,33,1
2571,19,95.31,52,5.79,10,0
2572,18,76.25,55,5.91,7,1
2573,15,115.36,27,6.56,1,0
2574,12,88.29,30,5,3,1
2575,3,100,12,5.33,2,0
2576,25,63.44,156,9.94,11,0
2577,6,170,53,5.19,2,0
2578,3,133.33,15,14.8,1,0
2579,72,70.19,286,7.4,25,1
2580,27,124.01,76,9.14,19,1
2581,9,80.78,23,8.26,1,0
2582,22,129.55,68,10.12,6,1
2583,48,70.45,187,13.94,23,1
2584,6,89.5,23,23.93,2,0
2585,7,335.71,17,37.65,1,1
2586,8,88.69,46,7.89,10,0
2587,33,60.65,120,6.71,14,1
2588,31,42.37,99,20.31,6,1
2589,4,212.5,12,17.17,2,0
2590,1,604.89,7,38.57,1,0
2591,69,57.68,255,8.65,35,1
2592,6,99.83,33,14.76,5,0
2593,26,97.42,63,6.49,4,1
2594,6,100.48,43,12.88,7,1
2595,7,76.57,18,7.22,2,0
2596,2,59.5,9,6.67,1,0
2597,61,55.29,213,6.15,38,0
2598,2,300,15,30.4,1,1
2599,28,44.7,104,6.75,14,1
2600,7,88.5,17,6.59,3,0
2601,1,100,10,5.6,1,0
2602,15,53.33,96,6.95,9,0
2603,23,71.76,48,6.67,4,0
2604,13,63.07,36,14.39,9,0
2605,6,204.92,17,19.71,1,1
2606,28,15.64,84,6.92,19,0
2607,2,180,12,7.83,1,0
2608,16,92.13,67,8.6,9,0
2609,12,107.68,28,18.68,2,0
2610,31,90.76,71,19.59,5,1
2611,8,61.81,42,16.05,5,0
2612,2,350,7,9.29,1,1
2613,2,275.05,4,7.75,1,0
2614,13,168.54,43,9.72,8,0
2615,7,135.79,22,20.68,5,0
2616,73,89.58,284,14.86,42,1
2617,2,62.25,8,6.88,1,0
2618,6,170,10,15.95,1,1
2619,26,88.61,79,11.2,9,1
2620,22,35,55,8.25,7,0
2621,21,95.01,54,7.41,3,0
2622,16,71.88,47,8.09,5,0
2623,33,98.05,129,8.07,17,1
2624,4,97.5,9,5.56,1,0
2625,11,226.91,39,20.74,5,1
2626,27,59.73,82,16.29,10,0
2627,10,71.15,20,10.03,1,0
2628,16,136.38,35,10.57,1,0
2629,1,101,8,19.63,1,0
2630,7,96.79,26,11.65,2,0
2631,21,128.23,51,13.57,3,1
2632,13,69.35,41,13.15,5,0
2633,8,116.78,32,17.75,2,0
2634,6,82.83,13,5.38,1,1
2635,10,73.63,32,6.88,7,0
2636,10,51.25,17,5.18,2,0
2637,57,43.06,138,9.01,11,1
2638,19,118.44,40,17.85,3,1
2639,3,193.33,7,19.43,2,0
2640,2,175.05,6,22.83,1,0
2641,5,156,16,10.41,1,1
2642,15,104.23,31,20.18,2,0
2643,8,116.63,48,11.63,6,0
2644,79,55.14,136,5.63,10,1
2645,18,144.94,65,19.49,10,1
2646,7,103.21,23,20.65,4,0
2647,103,120.9,496,12.33,66,1
2648,11,45.82,46,7.04,8,0
2649,75,94.35,306,9.12,48,1
2650,11,72.83,25,6.6,2,0
2651,3,98.83,3,6.67,1,0
2652,61,82.94,232,7.33,41,1
2653,32,66.96,96,10.36,2,0
2654,124,42.03,288,8.53,18,1
2655,18,32,46,6.37,3,1
2656,11,58.27,48,6.77,8,0
2657,2,170,15,11.97,2,0
2658,13,119.65,19,5.79,1,0
2659,27,81.47,127,5.83,11,1
2660,42,174.02,123,18.47,24,1
2661,74,47.4,215,7.27,12,1
2662,10,66.9,21,5.57,3,0
2663,2,90,9,4.67,1,0
2664,25,51.55,65,12.92,6,1
2665,85,32.54,461,8.45,56,1
2666,4,114.75,14,6.71,1,0
2667,88,97.71,335,6.83,40,1
2668,13,80.23,31,6.77,6,0
2669,8,115.94,14,4.79,1,0
2670,74,66.42,308,7.85,44,1
2671,55,43.55,218,6.03,16,1
2672,14,124.86,21,5.9,3,0
2673,34,68.07,123,8.37,9,1
2674,3,120,9,14.33,1,0
2675,28,101.16,97,6.53,16,1
2676,16,234.38,46,12.83,6,1
2677,22,66.7,52,23.29,10,0
2678,6,104.08,18,6.11,5,0
2679,3,203.37,16,27.94,1,0
2680,5,91.5,13,8.08,1,0
2681,8,137.88,29,19.83,6,0
2682,72,167.78,201,15.53,35,1
2683,12,61.66,36,5.97,5,0
2684,7,197.09,16,14.5,2,0
2685,3,196.7,8,6.25,1,0
2686,14,78.5,19,5.26,2,0
2687,8,106.19,19,7.11,3,0
2688,33,78.97,109,7.98,12,1
2689,12,96.86,25,13.94,2,0
2690,1,250.1,8,35.63,1,0
2691,7,114.18,96,17.43,17,0
2692,31,69.17,144,10.23,12,1
2693,4,97.5,11,5.91,2,0
2694,92,74.63,374,6.94,44,1
2695,10,82.13,58,11.41,7,0
2696,29,80.3,92,5.96,10,0
2697,4,99.62,12,26.25,1,0
2698,3,300,81,19.35,14,0
2699,6,74.08,28,10.12,6,0
2700,3,103.33,15,5.33,1,0
2701,1,99.5,9,8.33,1,0
2702,5,180,11,6.36,1,1
2703,5,98.7,13,18,1,0
2704,33,113.44,107,15.27,15,1
2705,15,32.47,31,6.13,5,0
2706,58,83.94,168,9.03,14,1
2707,44,92.49,131,15.35,2,1
2708,40,30.46,124,6.29,14,1
2709,8,90.05,17,6.47,3,0
2710,8,50,29,6.03,5,0
2711,18,256.11,64,25.97,9,1
2712,77,334.88,220,26.16,50,1
2713,5,76,12,7.08,2,0
2714,14,80.86,47,6.91,2,1
2715,11,82.69,18,7.3,3,0
2716,11,70.91,59,8.49,1,0
2717,3,166.67,14,6.07,1,0
2718,18,97.58,42,14.74,7,1
2719,5,193.9,26,16.53,3,0
2720,3,266.67,18,15.5,3,0
2721,6,215.73,93,26.67,14,1
2722,46,78.15,171,6.23,22,1
2723,15,82.94,34,8.09,3,0
2724,25,34.63,52,8.08,6,0
2725,3,74.17,6,4.83,1,0
2726,8,86.06,35,10.9,6,0
2727,9,82.84,18,12.5,4,0
2728,11,122.17,18,4.61,2,0
2729,26,52.97,91,6.95,12,0
2730,2,65,10,8.5,1,0
2731,103,31.06,349,6.62,40,1
2732,4,113,15,23.33,1,0
2733,3,200.1,6,14.17,2,0
2734,44,59.54,196,8.6,21,1
2735,43,34.06,127,6.06,23,0
2736,82,18.11,203,6.67,15,1
2737,35,66.06,133,9.02,15,1
2738,15,107.33,56,6.16,6,0
2739,2,550.05,9,32,1,1
2740,9,99.78,21,16,3,0
2741,23,69.5,113,10.61,5,1
2742,196,31.54,469,6.06,46,1
2743,5,138,15,6.67,2,0
2744,8,52.74,12,5.42,1,0
2745,38,67.36,85,6.08,4,1
2746,60,61.5,185,9.58,17,1
2747,7,115.54,20,9.9,3,1
2748,11,55.41,24,5.63,5,1
2749,54,51.44,177,12.34,33,1
2750,7,78.5,27,14.26,3,1
2751,26,106.34,70,18.43,16,1
2752,2,200,9,6.67,1,0
2753,6,129.42,23,14.35,3,0
2754,31,56.03,127,6.93,9,1
2755,10,99.75,8,5.38,1,0
2756,36,75.19,113,8.71,15,1
2757,10,124.82,23,21.96,1,0
2758,11,102.49,24,14.31,3,1
2759,6,97.92,6,5.83,1,0
2760,23,343.48,44,17.11,7,1
2761,30,16.57,38,5.5,3,1
2762,4,99.44,10,20.95,1,0
2763,12,56.13,8,33.75,1,0
2764,2,229.81,9,22.78,1,0
2765,14,139.16,31,8.65,1,0
2766,2,140,6,5.67,1,0
2767,55,23.22,196,5.86,16,0
2768,12,109.83,22,13.41,5,0
2769,27,82.4,64,6.48,4,1
2770,10,54.55,25,21,4,1
2771,4,99.87,11,19.91,2,0
2772,23,83.73,79,6.57,9,0
2773,115,20.86,326,6.56,11,1
2774,4,99.88,17,23.94,4,0
2775,2,200.05,8,38.38,1,0
2776,7,64.01,32,10.55,4,0
2777,25,95.18,50,8.06,4,1
2778,44,43.86,164,11.06,4,1
2779,7,148.43,32,7.72,5,0
2780,34,35.76,124,5.89,14,1
2781,3,74.83,11,6.36,1,0
2782,136,150.29,537,10.87,113,1
2783,5,162.24,15,32.67,1,0
2784,16,96.44,25,14,4,1
2785,2,204.91,8,21,1,0
2786,12,36.08,34,5.88,7,0
2787,5,100.4,8,5.63,1,0
2788,5,114.4,5,6,1,0
2789,28,76.42,68,18.82,5,1
2790,5,98.2,18,31.67,2,0
2791,5,355.92,15,16.8,2,1
2792,10,81.1,55,6.16,3,0
2793,7,121.61,34,22.78,4,0
2794,10,60.71,31,5.81,3,0